Position,Win Probability,Average Score
| 1 |   |   |   |   |   |   |   |   |,0.166667,0.833333
| 1 |   |   |   |   |   |   |   | 9 |,0.101852,8.14815
| 1 |   |   |   |   |   |   | 8 |   |,0.134259,6.86574
|   |   |   |   |   |   |   | 8 |   |,0.138889,6.888889
| 1 |   |   |   |   |   |   | 8 | 9 |,0.0406379,14.4686
|   |   |   |   |   |   |   |   | 9 |,0.111111,8.000000
| 1 |   |   |   |   |   | 7 |   |   |,0.166667,5.69444
|   |   |   |   |   |   | 7 |   |   |,0.166667,5.833333
| 1 |   |   |   |   |   | 7 |   | 9 |,0.0648148,12.088
| 1 |   |   |   |   |   | 7 | 8 |   |,0.0640432,11.9167
|   |   |   |   |   |   | 7 | 8 |   |,0.0462963,12.375
| 1 |   |   |   |   |   | 7 | 8 | 9 |,0.026749,18.9456
|   |   |   |   |   |   |   | 8 | 9 |,0.0308642,14.6265
| 1 |   |   |   |   | 6 |   |   |   |,0.189815,4.97685
|   |   |   |   |   | 6 |   |   |   |,0.138889,5.166667
| 1 |   |   |   |   | 6 |   |   | 9 |,0.0653292,11.4486
| 1 |   |   |   |   | 6 |   | 8 |   |,0.0835905,10.0337
|   |   |   |   |   | 6 |   | 8 |   |,0.0385802,11.7855
| 1 |   |   |   |   | 6 |   | 8 | 9 |,0.0323645,16.801
|   |   |   |   |   | 6 |   |   | 9 |,0.0308642,12.9352
| 1 |   |   |   |   | 6 | 7 |   |   |,0.0740741,10.1157
|   |   |   |   |   | 6 | 7 |   |   |,0.0462963,10.6991
| 1 |   |   |   |   | 6 | 7 |   | 9 |,0.0362654,15.7046
| 1 |   |   |   |   | 6 | 7 | 8 |   |,0.0382587,15.6989
|   |   |   |   |   | 6 | 7 | 8 |   |,0.0192901,16.8356
| 1 |   |   |   |   | 6 | 7 | 8 | 9 |,0.0200046,21.9544
|   |   |   |   |   |   | 7 |   | 9 |,0.037037,13.537
|   |   |   |   |   |   | 7 | 8 | 9 |,0.0154321,19.6929
| 1 |   |   |   | 5 |   |   |   |   |,0.157407,4.59259
|   |   |   |   | 5 |   |   |   |   |,0.111111,4.444444
| 1 |   |   |   | 5 |   |   |   | 9 |,0.0534979,11.2305
| 1 |   |   |   | 5 |   |   | 8 |   |,0.0684156,9.85134
|   |   |   |   | 5 |   |   | 8 |   |,0.0308642,11.1327
| 1 |   |   |   | 5 |   |   | 8 | 9 |,0.026406,16.8045
|   |   |   |   | 5 |   |   |   | 9 |,0.0246914,12.2716
| 1 |   |   |   | 5 |   | 7 |   |   |,0.087963,8.26543
|   |   |   |   | 5 |   | 7 |   |   |,0.0648148,9.72222
| 1 |   |   |   | 5 |   | 7 |   | 9 |,0.0426955,13.6432
| 1 |   |   |   | 5 |   | 7 | 8 |   |,0.0480967,13.5203
|   |   |   |   | 5 |   | 7 | 8 |   |,0.0231481,15.8832
| 1 |   |   |   | 5 |   | 7 | 8 | 9 |,0.0238483,19.4303
|   |   |   |   | 5 |   |   | 8 | 9 |,0.0102881,18.6221
| 1 |   |   |   | 5 | 6 |   |   |   |,0.0985082,7.97788
|   |   |   |   | 5 | 6 |   |   |   |,0.0864198,8.83025
| 1 |   |   |   | 5 | 6 |   |   | 9 |,0.0456962,13.591
| 1 |   |   |   | 5 | 6 |   | 8 |   |,0.0585348,12.0005
|   |   |   |   | 5 | 6 |   | 8 |   |,0.0282922,15.0204
| 1 |   |   |   | 5 | 6 |   | 8 | 9 |,0.0273015,17.8206
|   |   |   |   | 5 | 6 |   |   | 9 |,0.0226337,16.2339
| 1 |   |   |   | 5 | 6 | 7 |   |   |,0.0634002,12.1437
|   |   |   |   | 5 | 6 | 7 |   |   |,0.0416667,13.4784
| 1 |   |   |   | 5 | 6 | 7 |   | 9 |,0.0366512,16.2885
| 1 |   |   |   | 5 | 6 | 7 | 8 |   |,0.040002,16.4972
|   |   |   |   | 5 | 6 | 7 | 8 |   |,0.0195045,18.8558
| 1 |   |   |   | 5 | 6 | 7 | 8 | 9 |,0.0236308,21.294
|   |   |   |   |   | 6 |   | 8 | 9 |,0.0128601,19.1931
|   |   |   |   |   | 6 | 7 |   | 9 |,0.0154321,18.0581
|   |   |   |   |   | 6 | 7 | 8 | 9 |,0.00857339,23.646
| 1 |   |   | 4 |   |   |   |   |   |,0.125,4.09722
|   |   |   | 4 |   |   |   |   |   |,0.083333,3.666667
| 1 |   |   | 4 |   |   |   |   | 9 |,0.0416667,10.8843
| 1 |   |   | 4 |   |   |   | 8 |   |,0.0578704,9.1983
|   |   |   | 4 |   |   |   | 8 |   |,0.0509259,10.0833
| 1 |   |   | 4 |   |   |   | 8 | 9 |,0.026106,16.209
|   |   |   | 4 |   |   |   |   | 9 |,0.0185185,11.5463
| 1 |   |   | 4 |   |   | 7 |   |   |,0.101852,7.36111
|   |   |   | 4 |   |   | 7 |   |   |,0.0833333,8.73611
| 1 |   |   | 4 |   |   | 7 |   | 9 |,0.0460391,12.8166
| 1 |   |   | 4 |   |   | 7 | 8 |   |,0.0556199,12.5449
|   |   |   | 4 |   |   | 7 | 8 |   |,0.0362654,14.4977
| 1 |   |   | 4 |   |   | 7 | 8 | 9 |,0.0279492,18.4345
|   |   |   | 4 |   |   |   | 8 | 9 |,0.0138889,17.5818
| 1 |   |   | 4 |   | 6 |   |   |   |,0.131944,6.21065
|   |   |   | 4 |   | 6 |   |   |   |,0.106481,7.88426
| 1 |   |   | 4 |   | 6 |   |   | 9 |,0.0474537,12.6189
| 1 |   |   | 4 |   | 6 |   | 8 |   |,0.0821116,9.5188
|   |   |   | 4 |   | 6 |   | 8 |   |,0.0405093,13.6952
| 1 |   |   | 4 |   | 6 |   | 8 | 9 |,0.032686,16.1297
|   |   |   | 4 |   | 6 |   |   | 9 |,0.0262346,15.3076
| 1 |   |   | 4 |   | 6 | 7 |   |   |,0.090535,9.57883
|   |   |   | 4 |   | 6 | 7 |   |   |,0.054784,12.2199
| 1 |   |   | 4 |   | 6 | 7 |   | 9 |,0.0417953,14.6525
| 1 |   |   | 4 |   | 6 | 7 | 8 |   |,0.0574417,13.194
|   |   |   | 4 |   | 6 | 7 | 8 |   |,0.0282922,17.0184
| 1 |   |   | 4 |   | 6 | 7 | 8 | 9 |,0.0292996,18.9111
|   |   |   | 4 |   |   | 7 |   | 9 |,0.0216049,16.1343
|   |   |   | 4 |   |   | 7 | 8 | 9 |,0.0133745,21.2784
| 1 |   |   | 4 | 5 |   |   |   |   |,0.140432,6.16204
|   |   |   | 4 | 5 |   |   |   |   |,0.12963,7.02778
| 1 |   |   | 4 | 5 |   |   |   | 9 |,0.0380658,13.9914
| 1 |   |   | 4 | 5 |   |   | 8 |   |,0.0690586,11.0818
|   |   |   | 4 | 5 |   |   | 8 |   |,0.0447531,12.8853
| 1 |   |   | 4 | 5 |   |   | 8 | 9 |,0.0252058,18.4536
|   |   |   | 4 | 5 |   |   |   | 9 |,0.0185185,15.5864
| 1 |   |   | 4 | 5 |   | 7 |   |   |,0.116255,7.62757
|   |   |   | 4 | 5 |   | 7 |   |   |,0.0632716,11.0602
| 1 |   |   | 4 | 5 |   | 7 |   | 9 |,0.0429098,14.1607
| 1 |   |   | 4 | 5 |   | 7 | 8 |   |,0.0600137,12.5609
|   |   |   | 4 | 5 |   | 7 | 8 |   |,0.0308642,16.215
| 1 |   |   | 4 | 5 |   | 7 | 8 | 9 |,0.0290042,18.558
|   |   |   | 4 | 5 |   |   | 8 | 9 |,0.010631,21.165
| 1 |   |   | 4 | 5 | 6 |   |   |   |,0.107446,8.20276
|   |   |   | 4 | 5 | 6 |   |   |   |,0.066358,9.98611
| 1 |   |   | 4 | 5 | 6 |   |   | 9 |,0.0377515,15.3002
| 1 |   |   | 4 | 5 | 6 |   | 8 |   |,0.0650006,11.5468
|   |   |   | 4 | 5 | 6 |   | 8 |   |,0.0343793,14.7427
| 1 |   |   | 4 | 5 | 6 |   | 8 | 9 |,0.0292297,18.0323
|   |   |   | 4 | 5 | 6 |   |   | 9 |,0.0178326,17.9921
| 1 |   |   | 4 | 5 | 6 | 7 |   |   |,0.0833119,10.2349
|   |   |   | 4 | 5 | 6 | 7 |   |   |,0.0477109,13.2789
| 1 |   |   | 4 | 5 | 6 | 7 |   | 9 |,0.0395162,16.0172
| 1 |   |   | 4 | 5 | 6 | 7 | 8 |   |,0.054778,14.1208
|   |   |   | 4 | 5 | 6 | 7 | 8 |   |,0.0282136,16.9188
| 1 |   |   | 4 | 5 | 6 | 7 | 8 | 9 |,0.0305855,19.4379
|   |   |   |   | 5 |   | 7 |   | 9 |,0.0185185,17.1019
|   |   |   |   | 5 |   | 7 | 8 | 9 |,0.00943073,22.727
|   |   |   |   | 5 | 6 |   | 8 | 9 |,0.0108596,21.8996
|   |   |   |   | 5 | 6 | 7 |   | 9 |,0.0156036,20.1963
|   |   |   |   | 5 | 6 | 7 | 8 | 9 |,0.00962125,24.7111
| 1 |   | 3 |   |   |   |   |   |   |,0.0925926,3.49074
|   |   | 3 |   |   |   |   |   |   |,0.055556,2.833333
| 1 |   | 3 |   |   |   |   |   | 9 |,0.034465,10.072
| 1 |   | 3 |   |   |   |   | 8 |   |,0.0751029,8.13477
|   |   | 3 |   |   |   |   | 8 |   |,0.0709877,9.02623
| 1 |   | 3 |   |   |   |   | 8 | 9 |,0.0332647,15.0544
|   |   | 3 |   |   |   |   |   | 9 |,0.0401235,10.4259
| 1 |   | 3 |   |   |   | 7 |   |   |,0.115741,6.43056
|   |   | 3 |   |   |   | 7 |   |   |,0.101852,7.74074
| 1 |   | 3 |   |   |   | 7 |   | 9 |,0.0501543,12.4441
| 1 |   | 3 |   |   |   | 7 | 8 |   |,0.0724023,11.1306
|   |   | 3 |   |   |   | 7 | 8 |   |,0.0493827,13.1651
| 1 |   | 3 |   |   |   | 7 | 8 | 9 |,0.0328218,18.0452
|   |   | 3 |   |   |   |   | 8 | 9 |,0.0252058,16.1216
| 1 |   | 3 |   |   | 6 |   |   |   |,0.146091,5.3678
|   |   | 3 |   |   | 6 |   |   |   |,0.126543,6.93056
| 1 |   | 3 |   |   | 6 |   |   | 9 |,0.0497257,12.4961
| 1 |   | 3 |   |   | 6 |   | 8 |   |,0.0904492,9.18343
|   |   | 3 |   |   | 6 |   | 8 |   |,0.0527263,12.4234
| 1 |   | 3 |   |   | 6 |   | 8 | 9 |,0.0389922,15.7666
|   |   | 3 |   |   | 6 |   |   | 9 |,0.0252058,15.0802
| 1 |   | 3 |   |   | 6 | 7 |   |   |,0.108025,8.37174
|   |   | 3 |   |   | 6 | 7 |   |   |,0.0679012,11.0144
| 1 |   | 3 |   |   | 6 | 7 |   | 9 |,0.0434885,14.7416
| 1 |   | 3 |   |   | 6 | 7 | 8 |   |,0.0637789,12.9057
|   |   | 3 |   |   | 6 | 7 | 8 |   |,0.0370799,15.3157
| 1 |   | 3 |   |   | 6 | 7 | 8 | 9 |,0.0321772,19.1127
|   |   | 3 |   |   |   | 7 |   | 9 |,0.0339506,14.7341
|   |   | 3 |   |   |   | 7 | 8 | 9 |,0.0211763,19.3549
| 1 |   | 3 |   | 5 |   |   |   |   |,0.170267,4.77263
|   |   | 3 |   | 5 |   |   |   |   |,0.151235,6.11728
| 1 |   | 3 |   | 5 |   |   |   | 9 |,0.0644719,11.013
| 1 |   | 3 |   | 5 |   |   | 8 |   |,0.0768604,10.0759
|   |   | 3 |   | 5 |   |   | 8 |   |,0.0367798,12.9402
| 1 |   | 3 |   | 5 |   |   | 8 | 9 |,0.0349532,16.0778
|   |   | 3 |   | 5 |   |   |   | 9 |,0.0411523,13.1989
| 1 |   | 3 |   | 5 |   | 7 |   |   |,0.127058,6.52323
|   |   | 3 |   | 5 |   | 7 |   |   |,0.0740741,9.92901
| 1 |   | 3 |   | 5 |   | 7 |   | 9 |,0.0547697,12.4389
| 1 |   | 3 |   | 5 |   | 7 | 8 |   |,0.0705804,11.0454
|   |   | 3 |   | 5 |   | 7 | 8 |   |,0.0313357,15.905
| 1 |   | 3 |   | 5 |   | 7 | 8 | 9 |,0.0362928,16.6767
|   |   | 3 |   | 5 |   |   | 8 | 9 |,0.0154035,19.5878
| 1 |   | 3 |   | 5 | 6 |   |   |   |,0.13756,5.71909
|   |   | 3 |   | 5 | 6 |   |   |   |,0.0745885,8.92353
| 1 |   | 3 |   | 5 | 6 |   |   | 9 |,0.0609877,11.6427
| 1 |   | 3 |   | 5 | 6 |   | 8 |   |,0.070303,10.5358
|   |   | 3 |   | 5 | 6 |   | 8 |   |,0.0311285,15.5346
| 1 |   | 3 |   | 5 | 6 |   | 8 | 9 |,0.0372167,16.124
|   |   | 3 |   | 5 | 6 |   |   | 9 |,0.0269776,16.3288
| 1 |   | 3 |   | 5 | 6 | 7 |   |   |,0.0967721,8.6606
|   |   | 3 |   | 5 | 6 | 7 |   |   |,0.0625857,11.0969
| 1 |   | 3 |   | 5 | 6 | 7 |   | 9 |,0.0486734,14.1492
| 1 |   | 3 |   | 5 | 6 | 7 | 8 |   |,0.0624063,12.5301
|   |   | 3 |   | 5 | 6 | 7 | 8 |   |,0.0321454,16.4213
| 1 |   | 3 |   | 5 | 6 | 7 | 8 | 9 |,0.0364537,17.5418
|   |   | 3 |   |   | 6 |   | 8 | 9 |,0.0163609,20.104
|   |   | 3 |   |   | 6 | 7 |   | 9 |,0.0211763,18.5786
|   |   | 3 |   |   | 6 | 7 | 8 | 9 |,0.0156702,22.0383
| 1 |   | 3 | 4 |   |   |   |   |   |,0.1875,4.52778
|   |   | 3 | 4 |   |   |   |   |   |,0.175926,5.30093
| 1 |   | 3 | 4 |   |   |   |   | 9 |,0.0810185,9.90801
| 1 |   | 3 | 4 |   |   |   | 8 |   |,0.0948431,8.87856
|   |   | 3 | 4 |   |   |   | 8 |   |,0.0625,10.5625
| 1 |   | 3 | 4 |   |   |   | 8 | 9 |,0.0447174,14.6274
|   |   | 3 | 4 |   |   |   |   | 9 |,0.0447531,12.4234
| 1 |   | 3 | 4 |   |   | 7 |   |   |,0.0994084,8.07652
|   |   | 3 | 4 |   |   | 7 |   |   |,0.0524691,10.2546
| 1 |   | 3 | 4 |   |   | 7 |   | 9 |,0.0503901,13.2789
| 1 |   | 3 | 4 |   |   | 7 | 8 |   |,0.0637503,12.0156
|   |   | 3 | 4 |   |   | 7 | 8 |   |,0.0355367,15.1834
| 1 |   | 3 | 4 |   |   | 7 | 8 | 9 |,0.0352398,17.9548
|   |   | 3 | 4 |   |   |   | 8 | 9 |,0.0236197,17.2453
| 1 |   | 3 | 4 |   | 6 |   |   |   |,0.132909,5.47368
|   |   | 3 | 4 |   | 6 |   |   |   |,0.0779321,7.95087
| 1 |   | 3 | 4 |   | 6 |   |   | 9 |,0.0597351,11.3226
| 1 |   | 3 | 4 |   | 6 |   | 8 |   |,0.0863126,9.09485
|   |   | 3 | 4 |   | 6 |   | 8 |   |,0.0535837,11.7514
| 1 |   | 3 | 4 |   | 6 |   | 8 | 9 |,0.0442998,14.7385
|   |   | 3 | 4 |   | 6 |   |   | 9 |,0.0298783,15.293
| 1 |   | 3 | 4 |   | 6 | 7 |   |   |,0.102302,8.00145
|   |   | 3 | 4 |   | 6 | 7 |   |   |,0.0541409,12.47
| 1 |   | 3 | 4 |   | 6 | 7 |   | 9 |,0.0505592,13.6841
| 1 |   | 3 | 4 |   | 6 | 7 | 8 |   |,0.070963,11.5552
|   |   | 3 | 4 |   | 6 | 7 | 8 |   |,0.0383826,15.6469
| 1 |   | 3 | 4 |   | 6 | 7 | 8 | 9 |,0.040351,16.7667
|   |   | 3 | 4 |   |   | 7 |   | 9 |,0.0234053,16.7016
|   |   | 3 | 4 |   |   | 7 | 8 | 9 |,0.0170086,21.0513
| 1 |   | 3 | 4 | 5 |   |   |   |   |,0.130401,5.04432
|   |   | 3 | 4 | 5 |   |   |   |   |,0.103395,6.72068
| 1 |   | 3 | 4 | 5 |   |   |   | 9 |,0.0644147,11.0299
| 1 |   | 3 | 4 | 5 |   |   | 8 |   |,0.0889096,8.8085
|   |   | 3 | 4 | 5 |   |   | 8 |   |,0.0512903,12.32
| 1 |   | 3 | 4 | 5 |   |   | 8 | 9 |,0.0440958,14.642
|   |   | 3 | 4 | 5 |   |   |   | 9 |,0.0312071,14.3537
| 1 |   | 3 | 4 | 5 |   | 7 |   |   |,0.110704,7.23763
|   |   | 3 | 4 | 5 |   | 7 |   |   |,0.0797325,10.0142
| 1 |   | 3 | 4 | 5 |   | 7 |   | 9 |,0.0566237,12.7182
| 1 |   | 3 | 4 | 5 |   | 7 | 8 |   |,0.0760307,10.9544
|   |   | 3 | 4 | 5 |   | 7 | 8 |   |,0.0426859,15.2843
| 1 |   | 3 | 4 | 5 |   | 7 | 8 | 9 |,0.0421832,16.2005
|   |   | 3 | 4 | 5 |   |   | 8 | 9 |,0.0185185,19.6643
| 1 |   | 3 | 4 | 5 | 6 |   |   |   |,0.130966,6.23275
|   |   | 3 | 4 | 5 | 6 |   |   |   |,0.102752,7.91067
| 1 |   | 3 | 4 | 5 | 6 |   |   | 9 |,0.0651554,11.663
| 1 |   | 3 | 4 | 5 | 6 |   | 8 |   |,0.0857589,9.7556
|   |   | 3 | 4 | 5 | 6 |   | 8 |   |,0.0503639,12.7674
| 1 |   | 3 | 4 | 5 | 6 |   | 8 | 9 |,0.0455363,15.2326
|   |   | 3 | 4 | 5 | 6 |   |   | 9 |,0.0374848,14.5812
| 1 |   | 3 | 4 | 5 | 6 | 7 |   |   |,0.108739,8.04516
|   |   | 3 | 4 | 5 | 6 | 7 |   |   |,0.0685585,10.9267
| 1 |   | 3 | 4 | 5 | 6 | 7 |   | 9 |,0.0592968,13.0326
| 1 |   | 3 | 4 | 5 | 6 | 7 | 8 |   |,0.076435,11.3073
|   |   | 3 | 4 | 5 | 6 | 7 | 8 |   |,0.0430389,14.8081
| 1 |   | 3 | 4 | 5 | 6 | 7 | 8 | 9 |,0.0467006,15.9705
|   |   |   | 4 |   | 6 |   | 8 | 9 |,0.0145748,20.5173
|   |   |   | 4 |   | 6 | 7 |   | 9 |,0.0195473,18.8903
|   |   |   | 4 |   | 6 | 7 | 8 | 9 |,0.0132888,22.68
|   |   |   | 4 | 5 |   | 7 |   | 9 |,0.0159465,19.1581
|   |   |   | 4 | 5 |   | 7 | 8 | 9 |,0.0107739,23.8411
|   |   |   | 4 | 5 | 6 |   | 8 | 9 |,0.0125553,22.1608
|   |   |   | 4 | 5 | 6 | 7 |   | 9 |,0.0174897,20.5581
|   |   |   | 4 | 5 | 6 | 7 | 8 | 9 |,0.0132538,23.2407
| 1 | 2 |   |   |   |   |   |   |   |,0.0601852,2.77315
|   | 2 |   |   |   |   |   |   |   |,0.027778,1.944444
| 1 | 2 |   |   |   |   |   |   | 9 |,0.0550412,8.85391
| 1 | 2 |   |   |   |   |   | 8 |   |,0.0923354,7.04964
|   | 2 |   |   |   |   |   | 8 |   |,0.0910494,7.96142
| 1 | 2 |   |   |   |   |   | 8 | 9 |,0.0396519,14.4637
|   | 2 |   |   |   |   |   |   | 9 |,0.0617284,9.29938
| 1 | 2 |   |   |   |   | 7 |   |   |,0.12963,5.47377
|   | 2 |   |   |   |   | 7 |   |   |,0.12037,6.73611
| 1 | 2 |   |   |   |   | 7 |   | 9 |,0.059928,11.8363
| 1 | 2 |   |   |   |   | 7 | 8 |   |,0.074267,11.0008
|   | 2 |   |   |   |   | 7 | 8 |   |,0.0625,11.8855
| 1 | 2 |   |   |   |   | 7 | 8 | 9 |,0.0348365,17.8934
|   | 2 |   |   |   |   |   | 8 | 9 |,0.0365226,14.7152
| 1 | 2 |   |   |   | 6 |   |   |   |,0.160237,4.50026
|   | 2 |   |   |   | 6 |   |   |   |,0.146605,5.96914
| 1 | 2 |   |   |   | 6 |   |   | 9 |,0.0800326,9.8654
| 1 | 2 |   |   |   | 6 |   | 8 |   |,0.094543,9.00731
|   | 2 |   |   |   | 6 |   | 8 |   |,0.0456533,12.4705
| 1 | 2 |   |   |   | 6 |   | 8 | 9 |,0.0443482,15.3449
|   | 2 |   |   |   | 6 |   |   | 9 |,0.0488683,12.6845
| 1 | 2 |   |   |   | 6 | 7 |   |   |,0.102366,8.6427
|   | 2 |   |   |   | 6 | 7 |   |   |,0.0810185,9.86188
| 1 | 2 |   |   |   | 6 | 7 |   | 9 |,0.0538409,13.9918
| 1 | 2 |   |   |   | 6 | 7 | 8 |   |,0.0601709,13.4673
|   | 2 |   |   |   | 6 | 7 | 8 |   |,0.0362226,15.4343
| 1 | 2 |   |   |   | 6 | 7 | 8 | 9 |,0.0331052,19.4486
|   | 2 |   |   |   |   | 7 |   | 9 |,0.0339506,14.4985
|   | 2 |   |   |   |   | 7 | 8 | 9 |,0.023834,18.9828
| 1 | 2 |   |   | 5 |   |   |   |   |,0.187757,3.98045
|   | 2 |   |   | 5 |   |   |   |   |,0.17284,5.20062
| 1 | 2 |   |   | 5 |   |   |   | 9 |,0.0970508,8.40912
| 1 | 2 |   |   | 5 |   |   | 8 |   |,0.113469,7.46356
|   | 2 |   |   | 5 |   |   | 8 |   |,0.0673868,10.518
| 1 | 2 |   |   | 5 |   |   | 8 | 9 |,0.0539171,13.3772
|   | 2 |   |   | 5 |   |   |   | 9 |,0.0514403,11.9767
| 1 | 2 |   |   | 5 |   | 7 |   |   |,0.120885,6.74023
|   | 2 |   |   | 5 |   | 7 |   |   |,0.0570988,10.2109
| 1 | 2 |   |   | 5 |   | 7 |   | 9 |,0.0617856,12.0519
| 1 | 2 |   |   | 5 |   | 7 | 8 |   |,0.0750957,10.7871
|   | 2 |   |   | 5 |   | 7 | 8 |   |,0.0381087,14.5346
| 1 | 2 |   |   | 5 |   | 7 | 8 | 9 |,0.0407696,16.5992
|   | 2 |   |   | 5 |   |   | 8 | 9 |,0.0278921,16.3966
| 1 | 2 |   |   | 5 | 6 |   |   |   |,0.118549,6.30491
|   | 2 |   |   | 5 | 6 |   |   |   |,0.0828189,7.91169
| 1 | 2 |   |   | 5 | 6 |   |   | 9 |,0.0688491,11.0644
| 1 | 2 |   |   | 5 | 6 |   | 8 |   |,0.0818997,9.92287
|   | 2 |   |   | 5 | 6 |   | 8 |   |,0.0454104,13.3383
| 1 | 2 |   |   | 5 | 6 |   | 8 | 9 |,0.0449108,15.4254
|   | 2 |   |   | 5 | 6 |   |   | 9 |,0.0357796,14.2537
| 1 | 2 |   |   | 5 | 6 | 7 |   |   |,0.0932999,8.93362
|   | 2 |   |   | 5 | 6 | 7 |   |   |,0.0612569,11.5229
| 1 | 2 |   |   | 5 | 6 | 7 |   | 9 |,0.0530439,14.1287
| 1 | 2 |   |   | 5 | 6 | 7 | 8 |   |,0.0629493,13.1029
|   | 2 |   |   | 5 | 6 | 7 | 8 |   |,0.0372919,15.7686
| 1 | 2 |   |   | 5 | 6 | 7 | 8 | 9 |,0.0382502,18.3408
|   | 2 |   |   |   | 6 |   | 8 | 9 |,0.022005,18.5681
|   | 2 |   |   |   | 6 | 7 |   | 9 |,0.0300069,16.8663
|   | 2 |   |   |   | 6 | 7 | 8 | 9 |,0.017766,21.7745
| 1 | 2 |   | 4 |   |   |   |   |   |,0.206019,3.79707
|   | 2 |   | 4 |   |   |   |   |   |,0.143519,4.76389
| 1 | 2 |   | 4 |   |   |   |   | 9 |,0.0904064,8.5505
| 1 | 2 |   | 4 |   |   |   | 8 |   |,0.125322,6.06835
|   | 2 |   | 4 |   |   |   | 8 |   |,0.0559414,9.92155
| 1 | 2 |   | 4 |   |   |   | 8 | 9 |,0.0554198,12.1944
|   | 2 |   | 4 |   |   |   |   | 9 |,0.0416667,11.6898
| 1 | 2 |   | 4 |   |   | 7 |   |   |,0.134002,4.94869
|   | 2 |   | 4 |   |   | 7 |   |   |,0.070216,8.34028
| 1 | 2 |   | 4 |   |   | 7 |   | 9 |,0.069816,10.4737
| 1 | 2 |   | 4 |   |   | 7 | 8 |   |,0.0896062,8.92256
|   | 2 |   | 4 |   |   | 7 | 8 |   |,0.0527263,11.9017
| 1 | 2 |   | 4 |   |   | 7 | 8 | 9 |,0.0481666,14.4958
|   | 2 |   | 4 |   |   |   | 8 | 9 |,0.0258059,15.9195
| 1 | 2 |   | 4 |   | 6 |   |   |   |,0.129565,4.30888
|   | 2 |   | 4 |   | 6 |   |   |   |,0.0767747,8.04938
| 1 | 2 |   | 4 |   | 6 |   |   | 9 |,0.0712449,9.79362
| 1 | 2 |   | 4 |   | 6 |   | 8 |   |,0.0920996,8.2313
|   | 2 |   | 4 |   | 6 |   | 8 |   |,0.0363083,14.7384
| 1 | 2 |   | 4 |   | 6 |   | 8 | 9 |,0.0486976,13.6889
|   | 2 |   | 4 |   | 6 |   |   | 9 |,0.0358368,14.0391
| 1 | 2 |   | 4 |   | 6 | 7 |   |   |,0.110468,7.0473
|   | 2 |   | 4 |   | 6 | 7 |   |   |,0.0770319,9.97224
| 1 | 2 |   | 4 |   | 6 | 7 |   | 9 |,0.061861,12.019
| 1 | 2 |   | 4 |   | 6 | 7 | 8 |   |,0.0773351,10.5643
|   | 2 |   | 4 |   | 6 | 7 | 8 |   |,0.041731,15.2601
| 1 | 2 |   | 4 |   | 6 | 7 | 8 | 9 |,0.0457302,15.4407
|   | 2 |   | 4 |   |   | 7 |   | 9 |,0.0279492,16.0635
|   | 2 |   | 4 |   |   | 7 | 8 | 9 |,0.0233006,18.6675
| 1 | 2 |   | 4 | 5 |   |   |   |   |,0.14802,3.68544
|   | 2 |   | 4 | 5 |   |   |   |   |,0.121914,5.96348
| 1 | 2 |   | 4 | 5 |   |   |   | 9 |,0.0735311,9.39066
| 1 | 2 |   | 4 | 5 |   |   | 8 |   |,0.103424,7.41992
|   | 2 |   | 4 | 5 |   |   | 8 |   |,0.0762174,9.44483
| 1 | 2 |   | 4 | 5 |   |   | 8 | 9 |,0.0530121,12.96
|   | 2 |   | 4 | 5 |   |   |   | 9 |,0.0366941,13.5228
| 1 | 2 |   | 4 | 5 |   | 7 |   |   |,0.125622,6.13567
|   | 2 |   | 4 | 5 |   | 7 |   |   |,0.0716307,10.6312
| 1 | 2 |   | 4 | 5 |   | 7 |   | 9 |,0.0643607,11.5987
| 1 | 2 |   | 4 | 5 |   | 7 | 8 |   |,0.0861237,9.50046
|   | 2 |   | 4 | 5 |   | 7 | 8 |   |,0.0513332,12.9065
| 1 | 2 |   | 4 | 5 |   | 7 | 8 | 9 |,0.0492026,14.477
|   | 2 |   | 4 | 5 |   |   | 8 | 9 |,0.0282541,16.0704
| 1 | 2 |   | 4 | 5 | 6 |   |   |   |,0.13681,5.60428
|   | 2 |   | 4 | 5 | 6 |   |   |   |,0.111711,7.37864
| 1 | 2 |   | 4 | 5 | 6 |   |   | 9 |,0.069631,10.9068
| 1 | 2 |   | 4 | 5 | 6 |   | 8 |   |,0.0951882,8.49766
|   | 2 |   | 4 | 5 | 6 |   | 8 |   |,0.057637,12.1554
| 1 | 2 |   | 4 | 5 | 6 |   | 8 | 9 |,0.0523513,13.5399
|   | 2 |   | 4 | 5 | 6 |   |   | 9 |,0.0405712,13.9997
| 1 | 2 |   | 4 | 5 | 6 | 7 |   |   |,0.108432,7.57411
|   | 2 |   | 4 | 5 | 6 | 7 |   |   |,0.0712091,10.6365
| 1 | 2 |   | 4 | 5 | 6 | 7 |   | 9 |,0.063478,12.1384
| 1 | 2 |   | 4 | 5 | 6 | 7 | 8 |   |,0.079911,10.4063
|   | 2 |   | 4 | 5 | 6 | 7 | 8 |   |,0.0471743,14.3589
| 1 | 2 |   | 4 | 5 | 6 | 7 | 8 | 9 |,0.050867,14.6356
|   | 2 |   |   | 5 |   | 7 |   | 9 |,0.0245199,17.5151
|   | 2 |   |   | 5 |   | 7 | 8 | 9 |,0.0190424,20.8483
|   | 2 |   |   | 5 | 6 |   | 8 | 9 |,0.0222368,18.7966
|   | 2 |   |   | 5 | 6 | 7 |   | 9 |,0.0261869,18.4445
|   | 2 |   |   | 5 | 6 | 7 | 8 | 9 |,0.0193679,21.8332
| 1 | 2 | 3 |   |   |   |   |   |   |,0.165638,4.00566
|   | 2 | 3 |   |   |   |   |   |   |,0.114198,4.21451
| 1 | 2 | 3 |   |   |   |   |   | 9 |,0.0706447,9.21365
| 1 | 2 | 3 |   |   |   |   | 8 |   |,0.0965364,6.85764
|   | 2 | 3 |   |   |   |   | 8 |   |,0.0444959,9.24906
| 1 | 2 | 3 |   |   |   |   | 8 | 9 |,0.0459557,13.3805
|   | 2 | 3 |   |   |   |   |   | 9 |,0.0334362,10.9304
| 1 | 2 | 3 |   |   |   | 7 |   |   |,0.127058,4.49005
|   | 2 | 3 |   |   |   | 7 |   |   |,0.0833333,7.41667
| 1 | 2 | 3 |   |   |   | 7 |   | 9 |,0.0674083,10.1147
| 1 | 2 | 3 |   |   |   | 7 | 8 |   |,0.0880773,8.57135
|   | 2 | 3 |   |   |   | 7 | 8 |   |,0.0558985,11.6306
| 1 | 2 | 3 |   |   |   | 7 | 8 | 9 |,0.0475001,14.3979
|   | 2 | 3 |   |   |   |   | 8 | 9 |,0.025563,15.5833
| 1 | 2 | 3 |   |   | 6 |   |   |   |,0.147205,3.70958
|   | 2 | 3 |   |   | 6 |   |   |   |,0.109311,6.26535
| 1 | 2 | 3 |   |   | 6 |   |   | 9 |,0.0753625,9.08209
| 1 | 2 | 3 |   |   | 6 |   | 8 |   |,0.0994203,7.47803
|   | 2 | 3 |   |   | 6 |   | 8 |   |,0.0584562,11.5737
| 1 | 2 | 3 |   |   | 6 |   | 8 | 9 |,0.0536562,12.9774
|   | 2 | 3 |   |   | 6 |   |   | 9 |,0.0403092,13.4406
| 1 | 2 | 3 |   |   | 6 | 7 |   |   |,0.124035,6.21187
|   | 2 | 3 |   |   | 6 | 7 |   |   |,0.0948645,8.42713
| 1 | 2 | 3 |   |   | 6 | 7 |   | 9 |,0.0687824,11.2202
| 1 | 2 | 3 |   |   | 6 | 7 | 8 |   |,0.0858942,9.82484
|   | 2 | 3 |   |   | 6 | 7 | 8 |   |,0.0529573,13.2084
| 1 | 2 | 3 |   |   | 6 | 7 | 8 | 9 |,0.0507009,14.8697
|   | 2 | 3 |   |   |   | 7 |   | 9 |,0.0359225,14.3401
|   | 2 | 3 |   |   |   | 7 | 8 | 9 |,0.0263965,18.3953
| 1 | 2 | 3 |   | 5 |   |   |   |   |,0.160151,3.37551
|   | 2 | 3 |   | 5 |   |   |   |   |,0.122942,5.83608
| 1 | 2 | 3 |   | 5 |   |   |   | 9 |,0.0800659,8.45849
| 1 | 2 | 3 |   | 5 |   |   | 8 |   |,0.108802,6.85397
|   | 2 | 3 |   | 5 |   |   | 8 |   |,0.060821,11.5851
| 1 | 2 | 3 |   | 5 |   |   | 8 | 9 |,0.0561912,12.3852
|   | 2 | 3 |   | 5 |   |   |   | 9 |,0.0590992,11.2974
| 1 | 2 | 3 |   | 5 |   | 7 |   |   |,0.13323,5.57089
|   | 2 | 3 |   | 5 |   | 7 |   |   |,0.0860768,9.52778
| 1 | 2 | 3 |   | 5 |   | 7 |   | 9 |,0.0734219,10.5316
| 1 | 2 | 3 |   | 5 |   | 7 | 8 |   |,0.0919504,8.86145
|   | 2 | 3 |   | 5 |   | 7 | 8 |   |,0.0459581,14.4407
| 1 | 2 | 3 |   | 5 |   | 7 | 8 | 9 |,0.0534203,13.9056
|   | 2 | 3 |   | 5 |   |   | 8 | 9 |,0.0313294,16.8407
| 1 | 2 | 3 |   | 5 | 6 |   |   |   |,0.147686,4.90025
|   | 2 | 3 |   | 5 | 6 |   |   |   |,0.115112,7.21916
| 1 | 2 | 3 |   | 5 | 6 |   |   | 9 |,0.0837363,9.36123
| 1 | 2 | 3 |   | 5 | 6 |   | 8 |   |,0.100234,8.19849
|   | 2 | 3 |   | 5 | 6 |   | 8 |   |,0.0614097,12.1593
| 1 | 2 | 3 |   | 5 | 6 |   | 8 | 9 |,0.058435,12.9255
|   | 2 | 3 |   | 5 | 6 |   |   | 9 |,0.0471473,13.3334
| 1 | 2 | 3 |   | 5 | 6 | 7 |   |   |,0.119718,6.68389
|   | 2 | 3 |   | 5 | 6 | 7 |   |   |,0.0799659,9.94383
| 1 | 2 | 3 |   | 5 | 6 | 7 |   | 9 |,0.0727591,11.1371
| 1 | 2 | 3 |   | 5 | 6 | 7 | 8 |   |,0.0878205,9.65017
|   | 2 | 3 |   | 5 | 6 | 7 | 8 |   |,0.0502744,14.4089
| 1 | 2 | 3 |   | 5 | 6 | 7 | 8 | 9 |,0.0568121,13.9433
|   | 2 | 3 |   |   | 6 |   | 8 | 9 |,0.0250478,18.3329
|   | 2 | 3 |   |   | 6 | 7 |   | 9 |,0.0410284,14.867
|   | 2 | 3 |   |   | 6 | 7 | 8 | 9 |,0.0266291,19.3365
| 1 | 2 | 3 | 4 |   |   |   |   |   |,0.171746,3.28181
|   | 2 | 3 | 4 |   |   |   |   |   |,0.155093,4.63812
| 1 | 2 | 3 | 4 |   |   |   |   | 9 |,0.0875557,8.00684
| 1 | 2 | 3 | 4 |   |   |   | 8 |   |,0.121163,6.15835
|   | 2 | 3 | 4 |   |   |   | 8 |   |,0.102023,7.54936
| 1 | 2 | 3 | 4 |   |   |   | 8 | 9 |,0.065095,11.5191
|   | 2 | 3 | 4 |   |   |   |   | 9 |,0.0552555,11.1284
| 1 | 2 | 3 | 4 |   |   | 7 |   |   |,0.146669,4.94092
|   | 2 | 3 | 4 |   |   | 7 |   |   |,0.101723,7.72925
| 1 | 2 | 3 | 4 |   |   | 7 |   | 9 |,0.0781385,9.77466
| 1 | 2 | 3 | 4 |   |   | 7 | 8 |   |,0.101481,8.02608
|   | 2 | 3 | 4 |   |   | 7 | 8 |   |,0.0681275,10.5208
| 1 | 2 | 3 | 4 |   |   | 7 | 8 | 9 |,0.0597901,13.0154
|   | 2 | 3 | 4 |   |   |   | 8 | 9 |,0.043117,13.5893
| 1 | 2 | 3 | 4 |   | 6 |   |   |   |,0.156657,4.3412
|   | 2 | 3 | 4 |   | 6 |   |   |   |,0.129415,5.6044
| 1 | 2 | 3 | 4 |   | 6 |   |   | 9 |,0.0881725,8.82494
| 1 | 2 | 3 | 4 |   | 6 |   | 8 |   |,0.114627,6.75684
|   | 2 | 3 | 4 |   | 6 |   | 8 |   |,0.0726428,9.92292
| 1 | 2 | 3 | 4 |   | 6 |   | 8 | 9 |,0.0658071,11.6904
|   | 2 | 3 | 4 |   | 6 |   |   | 9 |,0.0547578,11.6097
| 1 | 2 | 3 | 4 |   | 6 | 7 |   |   |,0.131089,5.60333
|   | 2 | 3 | 4 |   | 6 | 7 |   |   |,0.0868484,8.51355
| 1 | 2 | 3 | 4 |   | 6 | 7 |   | 9 |,0.0788398,10.0479
| 1 | 2 | 3 | 4 |   | 6 | 7 | 8 |   |,0.098473,8.39015
|   | 2 | 3 | 4 |   | 6 | 7 | 8 |   |,0.061953,11.7045
| 1 | 2 | 3 | 4 |   | 6 | 7 | 8 | 9 |,0.0632621,12.7059
|   | 2 | 3 | 4 |   |   | 7 |   | 9 |,0.0411618,14.3517
|   | 2 | 3 | 4 |   |   | 7 | 8 | 9 |,0.034256,16.2003
| 1 | 2 | 3 | 4 | 5 |   |   |   |   |,0.160415,3.98423
|   | 2 | 3 | 4 | 5 |   |   |   |   |,0.130873,4.89969
| 1 | 2 | 3 | 4 | 5 |   |   |   | 9 |,0.096095,8.04074
| 1 | 2 | 3 | 4 | 5 |   |   | 8 |   |,0.121082,6.25725
|   | 2 | 3 | 4 | 5 |   |   | 8 |   |,0.0795134,8.9905
| 1 | 2 | 3 | 4 | 5 |   |   | 8 | 9 |,0.0707652,11.0207
|   | 2 | 3 | 4 | 5 |   |   |   | 9 |,0.0581466,10.9009
| 1 | 2 | 3 | 4 | 5 |   | 7 |   |   |,0.136986,5.1195
|   | 2 | 3 | 4 | 5 |   | 7 |   |   |,0.0993084,7.57236
| 1 | 2 | 3 | 4 | 5 |   | 7 |   | 9 |,0.0828938,9.58119
| 1 | 2 | 3 | 4 | 5 |   | 7 | 8 |   |,0.105443,7.6176
|   | 2 | 3 | 4 | 5 |   | 7 | 8 |   |,0.0655482,11.3318
| 1 | 2 | 3 | 4 | 5 |   | 7 | 8 | 9 |,0.0668597,11.94
|   | 2 | 3 | 4 | 5 |   |   | 8 | 9 |,0.0400396,14.603
| 1 | 2 | 3 | 4 | 5 | 6 |   |   |   |,0.146797,4.44772
|   | 2 | 3 | 4 | 5 | 6 |   |   |   |,0.115167,6.36961
| 1 | 2 | 3 | 4 | 5 | 6 |   |   | 9 |,0.0914216,8.683
| 1 | 2 | 3 | 4 | 5 | 6 |   | 8 |   |,0.11463,6.83686
|   | 2 | 3 | 4 | 5 | 6 |   | 8 |   |,0.0801945,9.5568
| 1 | 2 | 3 | 4 | 5 | 6 |   | 8 | 9 |,0.0723821,11.0559
|   | 2 | 3 | 4 | 5 | 6 |   |   | 9 |,0.0572311,11.9339
| 1 | 2 | 3 | 4 | 5 | 6 | 7 |   |   |,0.131583,5.71321
|   | 2 | 3 | 4 | 5 | 6 | 7 |   |   |,0.0969515,8.22382
| 1 | 2 | 3 | 4 | 5 | 6 | 7 |   | 9 |,0.0864483,9.49374
| 1 | 2 | 3 | 4 | 5 | 6 | 7 | 8 |   |,0.106031,7.81025
|   | 2 | 3 | 4 | 5 | 6 | 7 | 8 |   |,0.0683112,11.2154
| 1 | 2 | 3 | 4 | 5 | 6 | 7 | 8 | 9 |,0.0731831,11.3697
