Position,Win Probability,Average Score,1,2,3,4,5,6,7,8,9,10,11,12
|   |   |   |   |   |   |   |   |   |,1.0,0,N/A,N/A,N/A,N/A,N/A,N/A,N/A,N/A,N/A,N/A,N/A,N/A
| 1 |   |   |   |   |   |   |   |   |,0.166667,0.833333,1,N/A,N/A,N/A,N/A,N/A,N/A,N/A,N/A,N/A,N/A,N/A
| 1 |   |   |   |   |   |   |   | 9 |,0.101852,8.05556,N/A,N/A,N/A,N/A,N/A,N/A,N/A,N/A,9,1 9,N/A,N/A
| 1 |   |   |   |   |   |   | 8 |   |,0.134259,6.75,N/A,N/A,N/A,N/A,N/A,N/A,N/A,8,1 8,N/A,N/A,N/A
|   |   |   |   |   |   |   |   | 9 |,0.111111,8,N/A,N/A,N/A,N/A,N/A,N/A,N/A,N/A,9,N/A,N/A,N/A
|   |   |   |   |   |   |   | 8 |   |,0.138889,6.88889,N/A,N/A,N/A,N/A,N/A,N/A,N/A,8,N/A,N/A,N/A,N/A
| 1 |   |   |   |   |   |   | 8 | 9 |,0.0406379,14.2778,N/A,N/A,N/A,N/A,N/A,N/A,N/A,8,9,1 9,N/A,N/A
| 1 |   |   |   |   |   | 7 |   |   |,0.166667,5.55556,N/A,N/A,N/A,N/A,N/A,N/A,7,1 7,N/A,N/A,N/A,N/A
|   |   |   |   |   |   | 7 |   |   |,0.166667,5.83333,N/A,N/A,N/A,N/A,N/A,N/A,7,N/A,N/A,N/A,N/A,N/A
| 1 |   |   |   |   |   | 7 |   | 9 |,0.0648148,11.9167,N/A,N/A,N/A,N/A,N/A,N/A,7,1 7,9,1 9,N/A,N/A
|   |   |   |   |   |   |   | 8 | 9 |,0.0308642,14.5278,N/A,N/A,N/A,N/A,N/A,N/A,N/A,8,9,N/A,N/A,N/A
| 1 |   |   |   |   |   | 7 | 8 |   |,0.0640432,11.5833,N/A,N/A,N/A,N/A,N/A,N/A,7,8,1 8,N/A,N/A,N/A
|   |   |   |   |   |   | 7 |   | 9 |,0.037037,13.4444,N/A,N/A,N/A,N/A,N/A,N/A,7,N/A,9,N/A,N/A,N/A
|   |   |   |   |   |   | 7 | 8 |   |,0.0462963,12.1111,N/A,N/A,N/A,N/A,N/A,N/A,7,8,N/A,N/A,N/A,N/A
| 1 |   |   |   |   |   | 7 | 8 | 9 |,0.026749,18.5833,N/A,N/A,N/A,N/A,N/A,N/A,7,8,9,1 9,N/A,N/A
| 1 |   |   |   |   | 6 |   |   |   |,0.189815,4.86111,N/A,N/A,N/A,N/A,N/A,6,1 6,N/A,N/A,N/A,N/A,N/A
|   |   |   |   |   | 6 |   |   |   |,0.138889,5.16667,N/A,N/A,N/A,N/A,N/A,6,N/A,N/A,N/A,N/A,N/A,N/A
| 1 |   |   |   |   | 6 |   |   | 9 |,0.0653292,11.3056,N/A,N/A,N/A,N/A,N/A,6,1 6,N/A,9,1 9,N/A,N/A
| 1 |   |   |   |   | 6 |   | 8 |   |,0.0835905,9.61111,N/A,N/A,N/A,N/A,N/A,6,1 6,8,1 8,N/A,N/A,N/A
|   |   |   |   |   | 6 |   |   | 9 |,0.0308642,12.9167,N/A,N/A,N/A,N/A,N/A,6,N/A,N/A,9,N/A,N/A,N/A
|   |   |   |   |   | 6 |   | 8 |   |,0.0385802,11.6389,N/A,N/A,N/A,N/A,N/A,6,N/A,8,N/A,N/A,N/A,N/A
| 1 |   |   |   |   | 6 |   | 8 | 9 |,0.0323645,16.3889,N/A,N/A,N/A,N/A,N/A,6,1 6,8,9,1 9,N/A,N/A
|   |   |   |   |   |   | 7 | 8 | 9 |,0.0154321,19.4722,N/A,N/A,N/A,N/A,N/A,N/A,7,8,9,N/A,N/A,N/A
| 1 |   |   |   |   | 6 | 7 |   |   |,0.0740741,9.83333,N/A,N/A,N/A,N/A,N/A,6,7,1 7,N/A,N/A,N/A,N/A
|   |   |   |   |   | 6 | 7 |   |   |,0.0462963,10.5556,N/A,N/A,N/A,N/A,N/A,6,7,N/A,N/A,N/A,N/A,N/A
| 1 |   |   |   |   | 6 | 7 |   | 9 |,0.0362654,15.1667,N/A,N/A,N/A,N/A,N/A,6,7,1 7,9,1 9,N/A,N/A
|   |   |   |   |   | 6 |   | 8 | 9 |,0.0128601,18.8889,N/A,N/A,N/A,N/A,N/A,6,N/A,8,9,N/A,N/A,N/A
| 1 |   |   |   |   | 6 | 7 | 8 |   |,0.0382587,15.1667,N/A,N/A,N/A,N/A,N/A,6,7,8,1 8,N/A,N/A,N/A
|   |   |   |   |   | 6 | 7 |   | 9 |,0.0154321,17.75,N/A,N/A,N/A,N/A,N/A,6,7,N/A,9,N/A,N/A,N/A
|   |   |   |   |   | 6 | 7 | 8 |   |,0.0192901,16.5556,N/A,N/A,N/A,N/A,N/A,6,7,8,N/A,N/A,N/A,N/A
| 1 |   |   |   |   | 6 | 7 | 8 | 9 |,0.0200046,21.4444,N/A,N/A,N/A,N/A,N/A,6,7,8,9,1 9,N/A,N/A
| 1 |   |   |   | 5 |   |   |   |   |,0.157407,4.5,N/A,N/A,N/A,N/A,5,1 5,N/A,N/A,N/A,N/A,N/A,N/A
|   |   |   |   | 5 |   |   |   |   |,0.111111,4.44444,N/A,N/A,N/A,N/A,5,N/A,N/A,N/A,N/A,N/A,N/A,N/A
| 1 |   |   |   | 5 |   |   |   | 9 |,0.0534979,11.1111,N/A,N/A,N/A,N/A,5,1 5,N/A,N/A,9,1 9,N/A,N/A
| 1 |   |   |   | 5 |   |   | 8 |   |,0.0684156,9.5,N/A,N/A,N/A,N/A,5,1 5,N/A,8,1 8,N/A,N/A,N/A
|   |   |   |   | 5 |   |   |   | 9 |,0.0246914,12.2222,N/A,N/A,N/A,N/A,5,N/A,N/A,N/A,9,N/A,N/A,N/A
|   |   |   |   | 5 |   |   | 8 |   |,0.0308642,10.9722,N/A,N/A,N/A,N/A,5,N/A,N/A,8,N/A,N/A,N/A,N/A
| 1 |   |   |   | 5 |   |   | 8 | 9 |,0.026406,16.4444,N/A,N/A,N/A,N/A,5,1 5,N/A,8,9,1 9,N/A,N/A
| 1 |   |   |   | 5 |   | 7 |   |   |,0.087963,7.88889,N/A,N/A,N/A,N/A,5,1 5,7,1 7,N/A,N/A,N/A,5 7
|   |   |   |   | 5 |   | 7 |   |   |,0.0648148,9.55556,N/A,N/A,N/A,N/A,5,N/A,7,N/A,N/A,N/A,N/A,5 7
| 1 |   |   |   | 5 |   | 7 |   | 9 |,0.0426955,13.1667,N/A,N/A,N/A,N/A,5,1 5,7,1 7,9,1 9,N/A,5 7
|   |   |   |   | 5 |   |   | 8 | 9 |,0.0102881,18.3889,N/A,N/A,N/A,N/A,5,N/A,N/A,8,9,N/A,N/A,N/A
| 1 |   |   |   | 5 |   | 7 | 8 |   |,0.0480967,12.9444,N/A,N/A,N/A,N/A,5,1 5,7,8,1 8,N/A,N/A,5 7
|   |   |   |   | 5 |   | 7 |   | 9 |,0.0185185,16.9167,N/A,N/A,N/A,N/A,5,N/A,7,N/A,9,N/A,N/A,5 7
|   |   |   |   | 5 |   | 7 | 8 |   |,0.0231481,15.5278,N/A,N/A,N/A,N/A,5,N/A,7,8,N/A,N/A,N/A,5 7
| 1 |   |   |   | 5 |   | 7 | 8 | 9 |,0.0238483,18.75,N/A,N/A,N/A,N/A,5,1 5,7,8,9,1 9,N/A,5 7
|   |   |   |   |   | 6 | 7 | 8 | 9 |,0.00857339,23.1111,N/A,N/A,N/A,N/A,N/A,6,7,8,9,N/A,N/A,N/A
| 1 |   |   |   | 5 | 6 |   |   |   |,0.0985082,7.66667,N/A,N/A,N/A,N/A,5,6,1 6,N/A,N/A,N/A,5 6,1 5 6
|   |   |   |   | 5 | 6 |   |   |   |,0.0864198,8.75,N/A,N/A,N/A,N/A,5,6,N/A,N/A,N/A,N/A,5 6,N/A
| 1 |   |   |   | 5 | 6 |   |   | 9 |,0.0456962,13.2778,N/A,N/A,N/A,N/A,5,6,1 6,N/A,9,1 9,5 6,1 5 6
| 1 |   |   |   | 5 | 6 |   | 8 |   |,0.0585348,11.2778,N/A,N/A,N/A,N/A,5,6,1 6,8,1 8,N/A,5 6,1 5 6
|   |   |   |   | 5 | 6 |   |   | 9 |,0.0226337,16,N/A,N/A,N/A,N/A,5,6,N/A,N/A,9,N/A,5 6,N/A
|   |   |   |   | 5 | 6 |   | 8 |   |,0.0282922,14.6111,N/A,N/A,N/A,N/A,5,6,N/A,8,N/A,N/A,5 6,N/A
| 1 |   |   |   | 5 | 6 |   | 8 | 9 |,0.0273015,17.1944,N/A,N/A,N/A,N/A,5,6,1 6,8,9,1 9,5 6,1 5 6
|   |   |   |   | 5 |   | 7 | 8 | 9 |,0.00943073,22.2778,N/A,N/A,N/A,N/A,5,N/A,7,8,9,N/A,N/A,5 7
| 1 |   |   |   | 5 | 6 | 7 |   |   |,0.0634002,11.5,N/A,N/A,N/A,N/A,5,6,7,1 7,N/A,N/A,5 6,5 7
|   |   |   |   | 5 | 6 | 7 |   |   |,0.0416667,13.1111,N/A,N/A,N/A,N/A,5,6,7,N/A,N/A,N/A,5 6,5 7
| 1 |   |   |   | 5 | 6 | 7 |   | 9 |,0.0366512,15.75,N/A,N/A,N/A,N/A,5,6,7,1 7,9,1 9,5 6,5 7
|   |   |   |   | 5 | 6 |   | 8 | 9 |,0.0108596,21.5,N/A,N/A,N/A,N/A,5,6,N/A,8,9,N/A,5 6,N/A
| 1 |   |   |   | 5 | 6 | 7 | 8 |   |,0.040002,15.75,N/A,N/A,N/A,N/A,5,6,7,8,1 8,N/A,5 6,5 7
|   |   |   |   | 5 | 6 | 7 |   | 9 |,0.0156036,19.7778,N/A,N/A,N/A,N/A,5,6,7,N/A,9,N/A,5 6,5 7
|   |   |   |   | 5 | 6 | 7 | 8 |   |,0.0195045,18.3611,N/A,N/A,N/A,N/A,5,6,7,8,N/A,N/A,5 6,5 7
| 1 |   |   |   | 5 | 6 | 7 | 8 | 9 |,0.0236308,20.3611,N/A,N/A,N/A,N/A,5,6,7,8,9,1 9,5 6,5 7
| 1 |   |   | 4 |   |   |   |   |   |,0.125,4.02778,N/A,N/A,N/A,4,1 4,N/A,N/A,N/A,N/A,N/A,N/A,N/A
|   |   |   | 4 |   |   |   |   |   |,0.0833333,3.66667,N/A,N/A,N/A,4,N/A,N/A,N/A,N/A,N/A,N/A,N/A,N/A
| 1 |   |   | 4 |   |   |   |   | 9 |,0.0416667,10.8056,N/A,N/A,N/A,4,1 4,N/A,N/A,N/A,9,1 9,N/A,N/A
| 1 |   |   | 4 |   |   |   | 8 |   |,0.0578704,8.91667,N/A,N/A,N/A,4,1 4,N/A,N/A,8,1 8,N/A,N/A,4 8
|   |   |   | 4 |   |   |   |   | 9 |,0.0185185,11.4722,N/A,N/A,N/A,4,N/A,N/A,N/A,N/A,9,N/A,N/A,N/A
|   |   |   | 4 |   |   |   | 8 |   |,0.0509259,9.91667,N/A,N/A,N/A,4,N/A,N/A,N/A,8,N/A,N/A,N/A,4 8
| 1 |   |   | 4 |   |   |   | 8 | 9 |,0.026106,15.75,N/A,N/A,N/A,4,1 4,N/A,N/A,8,9,1 9,N/A,4 8
| 1 |   |   | 4 |   |   | 7 |   |   |,0.101852,7.05556,N/A,N/A,N/A,4,1 4,N/A,7,1 7,N/A,N/A,4 7,1 4 7
|   |   |   | 4 |   |   | 7 |   |   |,0.0833333,8.55556,N/A,N/A,N/A,4,N/A,N/A,7,N/A,N/A,N/A,4 7,N/A
| 1 |   |   | 4 |   |   | 7 |   | 9 |,0.0460391,12.3333,N/A,N/A,N/A,4,1 4,N/A,7,1 7,9,1 9,4 7,1 4 7
|   |   |   | 4 |   |   |   | 8 | 9 |,0.0138889,17.3333,N/A,N/A,N/A,4,N/A,N/A,N/A,8,9,N/A,N/A,4 8
| 1 |   |   | 4 |   |   | 7 | 8 |   |,0.0556199,12.0278,N/A,N/A,N/A,4,1 4,N/A,7,8,1 8,N/A,4 7,4 8
|   |   |   | 4 |   |   | 7 |   | 9 |,0.0216049,15.9167,N/A,N/A,N/A,4,N/A,N/A,7,N/A,9,N/A,4 7,N/A
|   |   |   | 4 |   |   | 7 | 8 |   |,0.0362654,14.1111,N/A,N/A,N/A,4,N/A,N/A,7,8,N/A,N/A,4 7,4 8
| 1 |   |   | 4 |   |   | 7 | 8 | 9 |,0.0279492,17.8056,N/A,N/A,N/A,4,1 4,N/A,7,8,9,1 9,4 7,4 8
| 1 |   |   | 4 |   | 6 |   |   |   |,0.131944,5.91667,N/A,N/A,N/A,4,1 4,6,1 6,N/A,N/A,4 6,1 4 6,N/A
|   |   |   | 4 |   | 6 |   |   |   |,0.106481,7.77778,N/A,N/A,N/A,4,N/A,6,N/A,N/A,N/A,4 6,N/A,N/A
| 1 |   |   | 4 |   | 6 |   |   | 9 |,0.0474537,12.0556,N/A,N/A,N/A,4,1 4,6,1 6,N/A,9,1 9,1 4 6,N/A
| 1 |   |   | 4 |   | 6 |   | 8 |   |,0.0821116,8.58333,N/A,N/A,N/A,4,1 4,6,1 6,8,1 8,4 6,1 4 6,4 8
|   |   |   | 4 |   | 6 |   |   | 9 |,0.0262346,15.0556,N/A,N/A,N/A,4,N/A,6,N/A,N/A,9,4 6,N/A,N/A
|   |   |   | 4 |   | 6 |   | 8 |   |,0.0405093,13.2778,N/A,N/A,N/A,4,N/A,6,N/A,8,N/A,4 6,N/A,4 8
| 1 |   |   | 4 |   | 6 |   | 8 | 9 |,0.0326968,15.3889,N/A,N/A,N/A,4,1 4,6,1 6,8,9,4 6,1 4 6,4 8
|   |   |   | 4 |   |   | 7 | 8 | 9 |,0.0133745,20.8611,N/A,N/A,N/A,4,N/A,N/A,7,8,9,N/A,4 7,4 8
| 1 |   |   | 4 |   | 6 | 7 |   |   |,0.090535,8.91667,N/A,N/A,N/A,4,1 4,6,7,1 7,N/A,4 6,4 7,1 4 7
|   |   |   | 4 |   | 6 | 7 |   |   |,0.054784,11.8333,N/A,N/A,N/A,4,N/A,6,7,N/A,N/A,4 6,4 7,N/A
| 1 |   |   | 4 |   | 6 | 7 |   | 9 |,0.0426312,13.8889,N/A,N/A,N/A,4,1 4,6,7,1 7,9,4 6,4 7,1 4 7
|   |   |   | 4 |   | 6 |   | 8 | 9 |,0.0145748,20.1389,N/A,N/A,N/A,4,N/A,6,N/A,8,9,4 6,N/A,4 8
| 1 |   |   | 4 |   | 6 | 7 | 8 |   |,0.0574417,12.1944,N/A,N/A,N/A,4,1 4,6,7,8,1 8,4 6,4 7,4 8
|   |   |   | 4 |   | 6 | 7 |   | 9 |,0.0195473,18.3611,N/A,N/A,N/A,4,N/A,6,7,N/A,9,4 6,4 7,N/A
|   |   |   | 4 |   | 6 | 7 | 8 |   |,0.0282922,16.5,N/A,N/A,N/A,4,N/A,6,7,8,N/A,4 6,4 7,4 8
| 1 |   |   | 4 |   | 6 | 7 | 8 | 9 |,0.0294174,17.8611,N/A,N/A,N/A,4,1 4,6,7,8,9,1 9,4 7,4 8
|   |   |   |   | 5 | 6 | 7 | 8 | 9 |,0.00962125,24.0556,N/A,N/A,N/A,N/A,5,6,7,8,9,N/A,5 6,5 7
| 1 |   |   | 4 | 5 |   |   |   |   |,0.140432,5.91667,N/A,N/A,N/A,4,5,1 5,N/A,N/A,4 5,1 4 5,N/A,N/A
|   |   |   | 4 | 5 |   |   |   |   |,0.12963,6.91667,N/A,N/A,N/A,4,5,N/A,N/A,N/A,4 5,N/A,N/A,N/A
| 1 |   |   | 4 | 5 |   |   |   | 9 |,0.0380658,13.5833,N/A,N/A,N/A,4,5,1 5,N/A,N/A,9,1 9,N/A,N/A
| 1 |   |   | 4 | 5 |   |   | 8 |   |,0.069573,10.3611,N/A,N/A,N/A,4,5,1 5,N/A,8,4 5,1 4 5,N/A,4 8
|   |   |   | 4 | 5 |   |   |   | 9 |,0.0185185,15.3889,N/A,N/A,N/A,4,5,N/A,N/A,N/A,9,N/A,N/A,N/A
|   |   |   | 4 | 5 |   |   | 8 |   |,0.0447531,12.4167,N/A,N/A,N/A,4,5,N/A,N/A,8,4 5,N/A,N/A,4 8
| 1 |   |   | 4 | 5 |   |   | 8 | 9 |,0.0252629,17.8333,N/A,N/A,N/A,4,5,1 5,N/A,8,9,1 9,N/A,4 8
| 1 |   |   | 4 | 5 |   | 7 |   |   |,0.116255,6.86111,N/A,N/A,N/A,4,5,1 5,7,1 7,4 5,1 4 5,4 7,5 7
|   |   |   | 4 | 5 |   | 7 |   |   |,0.0632716,10.6111,N/A,N/A,N/A,4,5,N/A,7,N/A,4 5,N/A,4 7,5 7
| 1 |   |   | 4 | 5 |   | 7 |   | 9 |,0.0429098,13.3056,N/A,N/A,N/A,4,5,1 5,7,1 7,9,1 9,4 7,5 7
|   |   |   | 4 | 5 |   |   | 8 | 9 |,0.010631,20.8611,N/A,N/A,N/A,4,5,N/A,N/A,8,9,N/A,N/A,4 8
| 1 |   |   | 4 | 5 |   | 7 | 8 |   |,0.0601852,11.7778,N/A,N/A,N/A,4,5,1 5,7,8,4 5,1 4 5,4 7,4 8
|   |   |   | 4 | 5 |   | 7 |   | 9 |,0.0159465,18.6944,N/A,N/A,N/A,4,5,N/A,7,N/A,9,N/A,4 7,5 7
|   |   |   | 4 | 5 |   | 7 | 8 |   |,0.0308642,15.6667,N/A,N/A,N/A,4,5,N/A,7,8,4 5,N/A,4 7,4 8
| 1 |   |   | 4 | 5 |   | 7 | 8 | 9 |,0.0290328,17.3611,N/A,N/A,N/A,4,5,1 5,7,8,9,1 9,4 7,4 8
|   |   |   | 4 |   | 6 | 7 | 8 | 9 |,0.0132888,21.9722,N/A,N/A,N/A,4,N/A,6,7,8,9,4 6,4 7,4 8
| 1 |   |   | 4 | 5 | 6 |   |   |   |,0.107446,7.47222,N/A,N/A,N/A,4,5,6,1 6,N/A,4 5,4 6,5 6,1 5 6
|   |   |   | 4 | 5 | 6 |   |   |   |,0.066358,9.58333,N/A,N/A,N/A,4,5,6,N/A,N/A,4 5,4 6,5 6,N/A
| 1 |   |   | 4 | 5 | 6 |   |   | 9 |,0.0377515,14.6667,N/A,N/A,N/A,4,5,6,1 6,N/A,9,1 9,5 6,1 5 6
| 1 |   |   | 4 | 5 | 6 |   | 8 |   |,0.0669867,10.5556,N/A,N/A,N/A,4,5,6,1 6,8,4 5,4 6,5 6,4 8
|   |   |   | 4 | 5 | 6 |   |   | 9 |,0.0178326,17.6944,N/A,N/A,N/A,4,5,6,N/A,N/A,9,4 6,5 6,N/A
|   |   |   | 4 | 5 | 6 |   | 8 |   |,0.0343793,14.0556,N/A,N/A,N/A,4,5,6,N/A,8,4 5,4 6,5 6,4 8
| 1 |   |   | 4 | 5 | 6 |   | 8 | 9 |,0.0294595,16.9444,N/A,N/A,N/A,4,5,6,1 6,8,9,1 9,5 6,4 8
|   |   |   | 4 | 5 |   | 7 | 8 | 9 |,0.0107739,23.0833,N/A,N/A,N/A,4,5,N/A,7,8,9,N/A,4 7,4 8
| 1 |   |   | 4 | 5 | 6 | 7 |   |   |,0.0834977,9.08333,N/A,N/A,N/A,4,5,6,7,1 7,4 5,4 6,5 6,5 7
|   |   |   | 4 | 5 | 6 | 7 |   |   |,0.0477109,12.5833,N/A,N/A,N/A,4,5,6,7,N/A,4 5,4 6,4 7,5 7
| 1 |   |   | 4 | 5 | 6 | 7 |   | 9 |,0.0396487,14.8611,N/A,N/A,N/A,4,5,6,7,1 7,9,1 9,5 6,5 7
|   |   |   | 4 | 5 | 6 |   | 8 | 9 |,0.0125553,21.5556,N/A,N/A,N/A,4,5,6,N/A,8,9,4 6,5 6,4 8
| 1 |   |   | 4 | 5 | 6 | 7 | 8 |   |,0.0556784,12.7778,N/A,N/A,N/A,4,5,6,7,8,1 8,4 6,4 7,5 7
|   |   |   | 4 | 5 | 6 | 7 |   | 9 |,0.0174897,19.7778,N/A,N/A,N/A,4,5,6,7,N/A,9,4 6,4 7,5 7
|   |   |   | 4 | 5 | 6 | 7 | 8 |   |,0.0286566,16.0278,N/A,N/A,N/A,4,5,6,7,8,4 5,4 6,5 6,4 8
| 1 |   |   | 4 | 5 | 6 | 7 | 8 | 9 |,0.0308322,17.8889,N/A,N/A,N/A,4,5,6,7,8,9,1 9,5 6,4 8
| 1 |   | 3 |   |   |   |   |   |   |,0.0925926,3.44444,N/A,N/A,3,1 3,N/A,N/A,N/A,N/A,N/A,N/A,N/A,N/A
|   |   | 3 |   |   |   |   |   |   |,0.0555556,2.83333,N/A,N/A,3,N/A,N/A,N/A,N/A,N/A,N/A,N/A,N/A,N/A
| 1 |   | 3 |   |   |   |   |   | 9 |,0.034465,9.91667,N/A,N/A,3,1 3,N/A,N/A,N/A,N/A,9,1 9,N/A,3 9
| 1 |   | 3 |   |   |   |   | 8 |   |,0.0751029,7.80556,N/A,N/A,3,1 3,N/A,N/A,N/A,8,1 8,N/A,3 8,1 3 8
|   |   | 3 |   |   |   |   |   | 9 |,0.0401235,10.3333,N/A,N/A,3,N/A,N/A,N/A,N/A,N/A,9,N/A,N/A,3 9
|   |   | 3 |   |   |   |   | 8 |   |,0.0709877,8.86111,N/A,N/A,3,N/A,N/A,N/A,N/A,8,N/A,N/A,3 8,N/A
| 1 |   | 3 |   |   |   |   | 8 | 9 |,0.0332647,14.5833,N/A,N/A,3,1 3,N/A,N/A,N/A,8,9,1 9,3 8,3 9
| 1 |   | 3 |   |   |   | 7 |   |   |,0.115741,6.05556,N/A,N/A,3,1 3,N/A,N/A,7,1 7,N/A,3 7,1 3 7,N/A
|   |   | 3 |   |   |   | 7 |   |   |,0.101852,7.55556,N/A,N/A,3,N/A,N/A,N/A,7,N/A,N/A,3 7,N/A,N/A
| 1 |   | 3 |   |   |   | 7 |   | 9 |,0.0501543,11.9722,N/A,N/A,3,1 3,N/A,N/A,7,1 7,9,1 9,1 3 7,3 9
|   |   | 3 |   |   |   |   | 8 | 9 |,0.0252058,15.8889,N/A,N/A,3,N/A,N/A,N/A,N/A,8,9,N/A,3 8,3 9
| 1 |   | 3 |   |   |   | 7 | 8 |   |,0.0724023,10.5833,N/A,N/A,3,1 3,N/A,N/A,7,8,1 8,3 7,3 8,1 3 8
|   |   | 3 |   |   |   | 7 |   | 9 |,0.0339506,14.5278,N/A,N/A,3,N/A,N/A,N/A,7,N/A,9,3 7,N/A,3 9
|   |   | 3 |   |   |   | 7 | 8 |   |,0.0493827,12.75,N/A,N/A,3,N/A,N/A,N/A,7,8,N/A,3 7,3 8,N/A
| 1 |   | 3 |   |   |   | 7 | 8 | 9 |,0.0328218,17.25,N/A,N/A,3,1 3,N/A,N/A,7,8,9,1 9,3 8,3 9
| 1 |   | 3 |   |   | 6 |   |   |   |,0.146091,5,N/A,N/A,3,1 3,N/A,6,1 6,N/A,3 6,1 3 6,N/A,N/A
|   |   | 3 |   |   | 6 |   |   |   |,0.126543,6.80556,N/A,N/A,3,N/A,N/A,6,N/A,N/A,3 6,N/A,N/A,N/A
| 1 |   | 3 |   |   | 6 |   |   | 9 |,0.0497257,11.9167,N/A,N/A,3,1 3,N/A,6,1 6,N/A,9,1 9,N/A,3 9
| 1 |   | 3 |   |   | 6 |   | 8 |   |,0.0913066,8.30556,N/A,N/A,3,1 3,N/A,6,1 6,8,3 6,1 3 6,3 8,1 3 8
|   |   | 3 |   |   | 6 |   |   | 9 |,0.0252058,14.8611,N/A,N/A,3,N/A,N/A,6,N/A,N/A,9,N/A,N/A,3 9
|   |   | 3 |   |   | 6 |   | 8 |   |,0.0527263,12,N/A,N/A,3,N/A,N/A,6,N/A,8,3 6,N/A,3 8,N/A
| 1 |   | 3 |   |   | 6 |   | 8 | 9 |,0.0390875,14.8611,N/A,N/A,3,1 3,N/A,6,1 6,8,9,1 9,3 8,3 9
|   |   | 3 |   |   |   | 7 | 8 | 9 |,0.0211763,18.8056,N/A,N/A,3,N/A,N/A,N/A,7,8,9,3 7,3 8,3 9
| 1 |   | 3 |   |   | 6 | 7 |   |   |,0.108025,7.66667,N/A,N/A,3,1 3,N/A,6,7,1 7,3 6,3 7,1 3 7,N/A
|   |   | 3 |   |   | 6 | 7 |   |   |,0.0679012,10.6111,N/A,N/A,3,N/A,N/A,6,7,N/A,3 6,3 7,N/A,N/A
| 1 |   | 3 |   |   | 6 | 7 |   | 9 |,0.0434885,13.6944,N/A,N/A,3,1 3,N/A,6,7,1 7,9,1 9,1 3 7,3 9
|   |   | 3 |   |   | 6 |   | 8 | 9 |,0.0163609,19.6111,N/A,N/A,3,N/A,N/A,6,N/A,8,9,N/A,3 8,3 9
| 1 |   | 3 |   |   | 6 | 7 | 8 |   |,0.0639218,11.9722,N/A,N/A,3,1 3,N/A,6,7,8,1 8,3 7,3 8,1 3 8
|   |   | 3 |   |   | 6 | 7 |   | 9 |,0.0211763,18.0278,N/A,N/A,3,N/A,N/A,6,7,N/A,9,3 7,N/A,3 9
|   |   | 3 |   |   | 6 | 7 | 8 |   |,0.0370799,14.75,N/A,N/A,3,N/A,N/A,6,7,8,3 6,3 7,3 8,N/A
| 1 |   | 3 |   |   | 6 | 7 | 8 | 9 |,0.0322089,17.9444,N/A,N/A,3,1 3,N/A,6,7,8,9,1 9,3 8,3 9
| 1 |   | 3 |   | 5 |   |   |   |   |,0.170267,4.41667,N/A,N/A,3,1 3,5,1 5,N/A,3 5,1 3 5,N/A,N/A,N/A
|   |   | 3 |   | 5 |   |   |   |   |,0.151235,6,N/A,N/A,3,N/A,5,N/A,N/A,3 5,N/A,N/A,N/A,N/A
| 1 |   | 3 |   | 5 |   |   |   | 9 |,0.0644719,10.6667,N/A,N/A,3,1 3,5,1 5,N/A,3 5,9,1 9,N/A,3 9
| 1 |   | 3 |   | 5 |   |   | 8 |   |,0.0768604,9.5,N/A,N/A,3,1 3,5,1 5,N/A,8,1 8,N/A,3 8,1 3 8
|   |   | 3 |   | 5 |   |   |   | 9 |,0.0411523,13.1111,N/A,N/A,3,N/A,5,N/A,N/A,3 5,9,N/A,N/A,3 9
|   |   | 3 |   | 5 |   |   | 8 |   |,0.0367798,12.7222,N/A,N/A,3,N/A,5,N/A,N/A,8,N/A,N/A,3 8,N/A
| 1 |   | 3 |   | 5 |   |   | 8 | 9 |,0.0349532,15.3333,N/A,N/A,3,1 3,5,1 5,N/A,8,9,1 9,3 8,3 9
| 1 |   | 3 |   | 5 |   | 7 |   |   |,0.129201,5.77778,N/A,N/A,3,1 3,5,1 5,7,3 5,1 3 5,3 7,1 3 7,5 7
|   |   | 3 |   | 5 |   | 7 |   |   |,0.0740741,9.61111,N/A,N/A,3,N/A,5,N/A,7,3 5,N/A,3 7,N/A,5 7
| 1 |   | 3 |   | 5 |   | 7 |   | 9 |,0.0582943,11.2778,N/A,N/A,3,1 3,5,1 5,7,3 5,9,1 9,1 3 7,3 9
|   |   | 3 |   | 5 |   |   | 8 | 9 |,0.0154035,19.25,N/A,N/A,3,N/A,5,N/A,N/A,8,9,N/A,3 8,3 9
| 1 |   | 3 |   | 5 |   | 7 | 8 |   |,0.0711639,9.88889,N/A,N/A,3,1 3,5,1 5,7,8,1 8,3 7,3 8,5 7
|   |   | 3 |   | 5 |   | 7 |   | 9 |,0.0288923,16,N/A,N/A,3,N/A,5,N/A,7,3 5,9,3 7,N/A,3 9
|   |   | 3 |   | 5 |   | 7 | 8 |   |,0.0313357,15.2778,N/A,N/A,3,N/A,5,N/A,7,8,N/A,3 7,3 8,5 7
| 1 |   | 3 |   | 5 |   | 7 | 8 | 9 |,0.0368472,15.4722,N/A,N/A,3,1 3,5,1 5,7,8,9,1 9,3 8,3 9
|   |   | 3 |   |   | 6 | 7 | 8 | 9 |,0.0156702,21.2222,N/A,N/A,3,N/A,N/A,6,7,8,9,3 7,3 8,3 9
| 1 |   | 3 |   | 5 | 6 |   |   |   |,0.13756,5.02778,N/A,N/A,3,1 3,5,6,1 6,3 5,3 6,1 3 6,5 6,1 5 6
|   |   | 3 |   | 5 | 6 |   |   |   |,0.0745885,8.63889,N/A,N/A,3,N/A,5,6,N/A,3 5,3 6,N/A,5 6,N/A
| 1 |   | 3 |   | 5 | 6 |   |   | 9 |,0.0609877,10.9444,N/A,N/A,3,1 3,5,6,1 6,3 5,9,1 9,5 6,3 9
| 1 |   | 3 |   | 5 | 6 |   | 8 |   |,0.0703982,9.58333,N/A,N/A,3,1 3,5,6,1 6,8,1 8,1 3 6,3 8,1 3 8
|   |   | 3 |   | 5 | 6 |   |   | 9 |,0.0269776,15.8889,N/A,N/A,3,N/A,5,6,N/A,3 5,9,N/A,5 6,3 9
|   |   | 3 |   | 5 | 6 |   | 8 |   |,0.0311285,15,N/A,N/A,3,N/A,5,6,N/A,8,3 6,N/A,3 8,N/A
| 1 |   | 3 |   | 5 | 6 |   | 8 | 9 |,0.0372379,15.0556,N/A,N/A,3,1 3,5,6,1 6,8,9,1 9,3 8,3 9
|   |   | 3 |   | 5 |   | 7 | 8 | 9 |,0.015525,21.0833,N/A,N/A,3,N/A,5,N/A,7,8,9,3 7,3 8,5 7
| 1 |   | 3 |   | 5 | 6 | 7 |   |   |,0.0986988,7.52778,N/A,N/A,3,1 3,5,6,7,1 7,3 6,3 7,5 6,5 7
|   |   | 3 |   | 5 | 6 | 7 |   |   |,0.0625857,10.3611,N/A,N/A,3,N/A,5,6,7,3 5,3 6,3 7,5 6,5 7
| 1 |   | 3 |   | 5 | 6 | 7 |   | 9 |,0.0521959,12.5278,N/A,N/A,3,1 3,5,6,7,3 5,9,1 9,5 6,3 9
|   |   | 3 |   | 5 | 6 |   | 8 | 9 |,0.0139524,22.0833,N/A,N/A,3,N/A,5,6,N/A,8,9,N/A,5 6,3 9
| 1 |   | 3 |   | 5 | 6 | 7 | 8 |   |,0.0646657,10.9167,N/A,N/A,3,1 3,5,6,7,8,1 8,3 7,5 6,5 7
|   |   | 3 |   | 5 | 6 | 7 |   | 9 |,0.0257559,17.0556,N/A,N/A,3,N/A,5,6,7,3 5,9,3 7,5 6,3 9
|   |   | 3 |   | 5 | 6 | 7 | 8 |   |,0.0325741,15.5833,N/A,N/A,3,N/A,5,6,7,8,3 6,3 7,5 6,5 7
| 1 |   | 3 |   | 5 | 6 | 7 | 8 | 9 |,0.0373137,15.9444,N/A,N/A,3,1 3,5,6,7,8,9,1 9,3 8,3 9
|   |   |   | 4 | 5 | 6 | 7 | 8 | 9 |,0.0134428,22.1667,N/A,N/A,N/A,4,5,6,7,8,9,4 6,5 6,4 8
| 1 |   | 3 | 4 |   |   |   |   |   |,0.1875,4.25,N/A,N/A,3,4,1 4,N/A,3 4,1 3 4,N/A,N/A,N/A,N/A
|   |   | 3 | 4 |   |   |   |   |   |,0.175926,5.19444,N/A,N/A,3,4,N/A,N/A,3 4,N/A,N/A,N/A,N/A,N/A
| 1 |   | 3 | 4 |   |   |   |   | 9 |,0.0810185,9.61111,N/A,N/A,3,4,1 4,N/A,3 4,1 3 4,9,1 9,N/A,3 9
| 1 |   | 3 | 4 |   |   |   | 8 |   |,0.0948431,8.33333,N/A,N/A,3,4,1 4,N/A,3 4,8,1 8,N/A,3 8,4 8
|   |   | 3 | 4 |   |   |   |   | 9 |,0.0447531,12.3056,N/A,N/A,3,4,N/A,N/A,3 4,N/A,9,N/A,N/A,3 9
|   |   | 3 | 4 |   |   |   | 8 |   |,0.0625,10.1667,N/A,N/A,3,4,N/A,N/A,3 4,8,N/A,N/A,3 8,4 8
| 1 |   | 3 | 4 |   |   |   | 8 | 9 |,0.0447174,13.9167,N/A,N/A,3,4,1 4,N/A,3 4,8,9,1 9,3 8,3 9
| 1 |   | 3 | 4 |   |   | 7 |   |   |,0.0994084,7.75,N/A,N/A,3,4,1 4,N/A,7,1 7,N/A,3 7,4 7,1 4 7
|   |   | 3 | 4 |   |   | 7 |   |   |,0.0524691,10,N/A,N/A,3,4,N/A,N/A,7,N/A,N/A,3 7,4 7,N/A
| 1 |   | 3 | 4 |   |   | 7 |   | 9 |,0.0503901,12.6111,N/A,N/A,3,4,1 4,N/A,7,1 7,9,1 9,4 7,3 9
|   |   | 3 | 4 |   |   |   | 8 | 9 |,0.0236197,16.8333,N/A,N/A,3,4,N/A,N/A,3 4,8,9,N/A,3 8,3 9
| 1 |   | 3 | 4 |   |   | 7 | 8 |   |,0.0637503,11.3056,N/A,N/A,3,4,1 4,N/A,7,8,1 8,3 7,3 8,4 8
|   |   | 3 | 4 |   |   | 7 |   | 9 |,0.0234053,16.3889,N/A,N/A,3,4,N/A,N/A,7,N/A,9,3 7,4 7,3 9
|   |   | 3 | 4 |   |   | 7 | 8 |   |,0.0355367,14.7778,N/A,N/A,3,4,N/A,N/A,7,8,N/A,3 7,3 8,4 8
| 1 |   | 3 | 4 |   |   | 7 | 8 | 9 |,0.0352398,16.9167,N/A,N/A,3,4,1 4,N/A,7,8,9,1 9,3 8,3 9
| 1 |   | 3 | 4 |   | 6 |   |   |   |,0.135224,4.77778,N/A,N/A,3,4,1 4,6,3 4,1 3 4,3 6,4 6,1 4 6,N/A
|   |   | 3 | 4 |   | 6 |   |   |   |,0.0779321,7.61111,N/A,N/A,3,4,N/A,6,3 4,N/A,3 6,4 6,N/A,N/A
| 1 |   | 3 | 4 |   | 6 |   |   | 9 |,0.0634216,10.25,N/A,N/A,3,4,1 4,6,3 4,1 3 4,9,1 9,1 4 6,3 9
| 1 |   | 3 | 4 |   | 6 |   | 8 |   |,0.0902206,7.97222,N/A,N/A,3,4,1 4,6,3 4,8,1 8,4 6,3 8,4 8
|   |   | 3 | 4 |   | 6 |   |   | 9 |,0.0298783,14.8056,N/A,N/A,3,4,N/A,6,3 4,N/A,9,4 6,N/A,3 9
|   |   | 3 | 4 |   | 6 |   | 8 |   |,0.0535837,11.0556,N/A,N/A,3,4,N/A,6,3 4,8,3 6,4 6,3 8,4 8
| 1 |   | 3 | 4 |   | 6 |   | 8 | 9 |,0.0467121,13.4167,N/A,N/A,3,4,1 4,6,3 4,8,9,1 9,3 8,3 9
|   |   | 3 | 4 |   |   | 7 | 8 | 9 |,0.0172087,20.3056,N/A,N/A,3,4,N/A,N/A,7,8,9,3 7,4 7,3 9
| 1 |   | 3 | 4 |   | 6 | 7 |   |   |,0.102688,6.91667,N/A,N/A,3,4,1 4,6,7,1 7,3 6,3 7,4 7,1 4 7
|   |   | 3 | 4 |   | 6 | 7 |   |   |,0.0541409,11.9167,N/A,N/A,3,4,N/A,6,7,N/A,3 6,3 7,4 7,N/A
| 1 |   | 3 | 4 |   | 6 | 7 |   | 9 |,0.0512629,12.3333,N/A,N/A,3,4,1 4,6,7,1 7,9,1 9,4 7,3 9
|   |   | 3 | 4 |   | 6 |   | 8 | 9 |,0.0223837,17.6944,N/A,N/A,3,4,N/A,6,3 4,8,9,4 6,3 8,3 9
| 1 |   | 3 | 4 |   | 6 | 7 | 8 |   |,0.0718871,10.1111,N/A,N/A,3,4,1 4,6,7,8,3 6,3 7,4 7,4 8
|   |   | 3 | 4 |   | 6 | 7 |   | 9 |,0.0228481,18.5833,N/A,N/A,3,4,N/A,6,7,N/A,9,4 6,4 7,3 9
|   |   | 3 | 4 |   | 6 | 7 | 8 |   |,0.039122,14.6944,N/A,N/A,3,4,N/A,6,7,8,3 6,4 6,3 8,4 8
| 1 |   | 3 | 4 |   | 6 | 7 | 8 | 9 |,0.0410708,15.1389,N/A,N/A,3,4,1 4,6,7,8,9,1 9,3 8,3 9
|   |   | 3 |   | 5 | 6 | 7 | 8 | 9 |,0.0165771,21.75,N/A,N/A,3,N/A,5,6,7,8,9,3 7,5 6,3 9
| 1 |   | 3 | 4 | 5 |   |   |   |   |,0.130401,4.55556,N/A,N/A,3,4,5,1 5,3 4,3 5,4 5,1 4 5,N/A,3 4 5
|   |   | 3 | 4 | 5 |   |   |   |   |,0.103395,6.36111,N/A,N/A,3,4,5,N/A,3 4,3 5,4 5,N/A,N/A,3 4 5
| 1 |   | 3 | 4 | 5 |   |   |   | 9 |,0.0644147,10.3611,N/A,N/A,3,4,5,1 5,3 4,3 5,9,1 9,N/A,3 9
| 1 |   | 3 | 4 | 5 |   |   | 8 |   |,0.0889382,7.94444,N/A,N/A,3,4,5,1 5,3 4,8,1 8,1 4 5,3 8,4 8
|   |   | 3 | 4 | 5 |   |   |   | 9 |,0.0312071,14.0278,N/A,N/A,3,4,5,N/A,3 4,3 5,9,N/A,N/A,3 9
|   |   | 3 | 4 | 5 |   |   | 8 |   |,0.0512903,11.6667,N/A,N/A,3,4,5,N/A,3 4,8,4 5,N/A,3 8,4 8
| 1 |   | 3 | 4 | 5 |   |   | 8 | 9 |,0.0441164,13.4444,N/A,N/A,3,4,5,1 5,3 4,8,9,1 9,3 8,3 9
| 1 |   | 3 | 4 | 5 |   | 7 |   |   |,0.110882,6.38889,N/A,N/A,3,4,5,1 5,7,1 7,4 5,3 7,4 7,5 7
|   |   | 3 | 4 | 5 |   | 7 |   |   |,0.0797325,9.44444,N/A,N/A,3,4,5,N/A,7,3 5,4 5,3 7,4 7,5 7
| 1 |   | 3 | 4 | 5 |   | 7 |   | 9 |,0.0589972,11.4722,N/A,N/A,3,4,5,1 5,7,3 5,9,1 9,4 7,3 9
|   |   | 3 | 4 | 5 |   |   | 8 | 9 |,0.0185185,19.0556,N/A,N/A,3,4,5,N/A,3 4,8,9,N/A,3 8,3 9
| 1 |   | 3 | 4 | 5 |   | 7 | 8 |   |,0.0762208,9.61111,N/A,N/A,3,4,5,1 5,7,8,1 8,3 7,3 8,4 8
|   |   | 3 | 4 | 5 |   | 7 |   | 9 |,0.0285422,16.4444,N/A,N/A,3,4,5,N/A,7,3 5,9,3 7,4 7,3 9
|   |   | 3 | 4 | 5 |   | 7 | 8 |   |,0.0426859,14.3611,N/A,N/A,3,4,5,N/A,7,8,4 5,3 7,3 8,4 8
| 1 |   | 3 | 4 | 5 |   | 7 | 8 | 9 |,0.0426178,14.6667,N/A,N/A,3,4,5,1 5,7,8,9,1 9,3 8,3 9
|   |   | 3 | 4 |   | 6 | 7 | 8 | 9 |,0.0193216,20.6667,N/A,N/A,3,4,N/A,6,7,8,9,4 6,3 8,3 9
| 1 |   | 3 | 4 | 5 | 6 |   |   |   |,0.132237,5.13889,N/A,N/A,3,4,5,6,1 6,3 5,4 5,4 6,5 6,3 4 5
|   |   | 3 | 4 | 5 | 6 |   |   |   |,0.102752,7.16667,N/A,N/A,3,4,5,6,3 4,3 5,3 6,4 6,5 6,3 4 5
| 1 |   | 3 | 4 | 5 | 6 |   |   | 9 |,0.0681211,10.5556,N/A,N/A,3,4,5,6,3 4,3 5,9,1 9,5 6,3 9
| 1 |   | 3 | 4 | 5 | 6 |   | 8 |   |,0.0876994,8.38889,N/A,N/A,3,4,5,6,3 4,8,1 8,4 6,3 8,4 8
|   |   | 3 | 4 | 5 | 6 |   |   | 9 |,0.0374848,13.9722,N/A,N/A,3,4,5,6,3 4,3 5,9,4 6,5 6,3 9
|   |   | 3 | 4 | 5 | 6 |   | 8 |   |,0.0512498,11.8611,N/A,N/A,3,4,5,6,3 4,8,4 5,4 6,3 8,4 8
| 1 |   | 3 | 4 | 5 | 6 |   | 8 | 9 |,0.0484291,13.4167,N/A,N/A,3,4,5,6,3 4,8,9,1 9,5 6,3 9
|   |   | 3 | 4 | 5 |   | 7 | 8 | 9 |,0.018227,21.2778,N/A,N/A,3,4,5,N/A,7,8,9,3 7,3 8,3 9
| 1 |   | 3 | 4 | 5 | 6 | 7 |   |   |,0.111067,6.58333,N/A,N/A,3,4,5,6,7,1 7,3 6,4 6,4 7,5 7
|   |   | 3 | 4 | 5 | 6 | 7 |   |   |,0.0697159,9.86111,N/A,N/A,3,4,5,6,7,3 5,4 5,4 6,4 7,5 7
| 1 |   | 3 | 4 | 5 | 6 | 7 |   | 9 |,0.0615748,11.3056,N/A,N/A,3,4,5,6,7,3 5,9,1 9,4 7,3 9
|   |   | 3 | 4 | 5 | 6 |   | 8 | 9 |,0.0231807,17.8889,N/A,N/A,3,4,5,6,3 4,8,9,4 6,5 6,3 9
| 1 |   | 3 | 4 | 5 | 6 | 7 | 8 |   |,0.0781552,9.41667,N/A,N/A,3,4,5,6,7,8,1 8,4 6,3 8,4 8
|   |   | 3 | 4 | 5 | 6 | 7 |   | 9 |,0.0315612,15.8056,N/A,N/A,3,4,5,6,7,3 5,9,4 6,4 7,3 9
|   |   | 3 | 4 | 5 | 6 | 7 | 8 |   |,0.0441805,13.3056,N/A,N/A,3,4,5,6,7,8,4 5,3 7,3 8,4 8
| 1 |   | 3 | 4 | 5 | 6 | 7 | 8 | 9 |,0.0480434,13.8889,N/A,N/A,3,4,5,6,7,8,9,1 9,3 8,3 9
| 1 | 2 |   |   |   |   |   |   |   |,0.0601852,2.75,N/A,2,1 2,N/A,N/A,N/A,N/A,N/A,N/A,N/A,N/A,N/A
|   | 2 |   |   |   |   |   |   |   |,0.0277778,1.94444,N/A,2,N/A,N/A,N/A,N/A,N/A,N/A,N/A,N/A,N/A,N/A
| 1 | 2 |   |   |   |   |   |   | 9 |,0.0550412,8.63889,N/A,2,1 2,N/A,N/A,N/A,N/A,N/A,9,1 9,2 9,1 2 9
| 1 | 2 |   |   |   |   |   | 8 |   |,0.0923354,6.69444,N/A,2,1 2,N/A,N/A,N/A,N/A,8,1 8,2 8,1 2 8,N/A
|   | 2 |   |   |   |   |   |   | 9 |,0.0617284,9.19444,N/A,2,N/A,N/A,N/A,N/A,N/A,N/A,9,N/A,2 9,N/A
|   | 2 |   |   |   |   |   | 8 |   |,0.0910494,7.80556,N/A,2,N/A,N/A,N/A,N/A,N/A,8,N/A,2 8,N/A,N/A
| 1 | 2 |   |   |   |   |   | 8 | 9 |,0.0405521,14.1111,N/A,2,1 2,N/A,N/A,N/A,N/A,8,9,2 8,2 9,1 2 9
| 1 | 2 |   |   |   |   | 7 |   |   |,0.12963,5.05556,N/A,2,1 2,N/A,N/A,N/A,7,1 7,2 7,1 2 7,N/A,N/A
|   | 2 |   |   |   |   | 7 |   |   |,0.12037,6.55556,N/A,2,N/A,N/A,N/A,N/A,7,N/A,2 7,N/A,N/A,N/A
| 1 | 2 |   |   |   |   | 7 |   | 9 |,0.059928,11.4167,N/A,2,1 2,N/A,N/A,N/A,7,1 7,9,1 9,2 9,1 2 9
|   | 2 |   |   |   |   |   | 8 | 9 |,0.0365226,14.5,N/A,2,N/A,N/A,N/A,N/A,N/A,8,9,2 8,2 9,N/A
| 1 | 2 |   |   |   |   | 7 | 8 |   |,0.0758102,10.5278,N/A,2,1 2,N/A,N/A,N/A,7,8,2 7,2 8,1 2 8,N/A
|   | 2 |   |   |   |   | 7 |   | 9 |,0.0339506,14.3056,N/A,2,N/A,N/A,N/A,N/A,7,N/A,9,N/A,2 9,N/A
|   | 2 |   |   |   |   | 7 | 8 |   |,0.0625,11.4444,N/A,2,N/A,N/A,N/A,N/A,7,8,2 7,2 8,N/A,N/A
| 1 | 2 |   |   |   |   | 7 | 8 | 9 |,0.0353509,17.3889,N/A,2,1 2,N/A,N/A,N/A,7,8,9,2 8,2 9,1 2 9
| 1 | 2 |   |   |   | 6 |   |   |   |,0.160237,4.08333,N/A,2,1 2,N/A,N/A,6,1 6,2 6,1 2 6,N/A,N/A,N/A
|   | 2 |   |   |   | 6 |   |   |   |,0.146605,5.83333,N/A,2,N/A,N/A,N/A,6,N/A,2 6,N/A,N/A,N/A,N/A
| 1 | 2 |   |   |   | 6 |   |   | 9 |,0.0800326,9.41667,N/A,2,1 2,N/A,N/A,6,1 6,2 6,9,1 9,2 9,1 2 9
| 1 | 2 |   |   |   | 6 |   | 8 |   |,0.094543,8.36111,N/A,2,1 2,N/A,N/A,6,1 6,8,1 8,2 8,1 2 8,N/A
|   | 2 |   |   |   | 6 |   |   | 9 |,0.0488683,12.5,N/A,2,N/A,N/A,N/A,6,N/A,2 6,9,N/A,2 9,N/A
|   | 2 |   |   |   | 6 |   | 8 |   |,0.0456533,12.1667,N/A,2,N/A,N/A,N/A,6,N/A,8,N/A,2 8,N/A,N/A
| 1 | 2 |   |   |   | 6 |   | 8 | 9 |,0.0461129,14.6389,N/A,2,1 2,N/A,N/A,6,1 6,8,9,2 8,2 9,1 2 9
|   | 2 |   |   |   |   | 7 | 8 | 9 |,0.023834,18.6111,N/A,2,N/A,N/A,N/A,N/A,7,8,9,2 8,2 9,N/A
| 1 | 2 |   |   |   | 6 | 7 |   |   |,0.105153,8.16667,N/A,2,1 2,N/A,N/A,6,7,2 6,2 7,1 2 7,N/A,N/A
|   | 2 |   |   |   | 6 | 7 |   |   |,0.0810185,9.44444,N/A,2,N/A,N/A,N/A,6,7,2 6,2 7,N/A,N/A,N/A
| 1 | 2 |   |   |   | 6 | 7 |   | 9 |,0.0563653,13.1944,N/A,2,1 2,N/A,N/A,6,7,2 6,9,1 9,2 9,1 2 9
|   | 2 |   |   |   | 6 |   | 8 | 9 |,0.022005,18.1667,N/A,2,N/A,N/A,N/A,6,N/A,8,9,2 8,2 9,N/A
| 1 | 2 |   |   |   | 6 | 7 | 8 |   |,0.061058,12.7778,N/A,2,1 2,N/A,N/A,6,7,8,2 7,2 8,1 2 8,N/A
|   | 2 |   |   |   | 6 | 7 |   | 9 |,0.0300069,16.4444,N/A,2,N/A,N/A,N/A,6,7,2 6,9,N/A,2 9,N/A
|   | 2 |   |   |   | 6 | 7 | 8 |   |,0.0362226,14.9444,N/A,2,N/A,N/A,N/A,6,7,8,2 7,2 8,N/A,N/A
| 1 | 2 |   |   |   | 6 | 7 | 8 | 9 |,0.0339235,18.6389,N/A,2,1 2,N/A,N/A,6,7,8,9,2 8,2 9,1 2 9
| 1 | 2 |   |   | 5 |   |   |   |   |,0.187757,3.58333,N/A,2,1 2,N/A,5,1 5,2 5,1 2 5,N/A,N/A,N/A,N/A
|   | 2 |   |   | 5 |   |   |   |   |,0.17284,5.08333,N/A,2,N/A,N/A,5,N/A,2 5,N/A,N/A,N/A,N/A,N/A
| 1 | 2 |   |   | 5 |   |   |   | 9 |,0.0970508,8.05556,N/A,2,1 2,N/A,5,1 5,2 5,1 2 5,9,1 9,2 9,1 2 9
| 1 | 2 |   |   | 5 |   |   | 8 |   |,0.113469,6.75,N/A,2,1 2,N/A,5,1 5,2 5,8,1 8,2 8,1 2 8,N/A
|   | 2 |   |   | 5 |   |   |   | 9 |,0.0514403,11.8889,N/A,2,N/A,N/A,5,N/A,2 5,N/A,9,N/A,2 9,N/A
|   | 2 |   |   | 5 |   |   | 8 |   |,0.0673868,10.1667,N/A,2,N/A,N/A,5,N/A,2 5,8,N/A,2 8,N/A,N/A
| 1 | 2 |   |   | 5 |   |   | 8 | 9 |,0.0540171,12.75,N/A,2,1 2,N/A,5,1 5,2 5,8,9,1 9,2 9,1 2 9
| 1 | 2 |   |   | 5 |   | 7 |   |   |,0.120885,6.19444,N/A,2,1 2,N/A,5,1 5,7,1 7,2 7,1 2 7,N/A,5 7
|   | 2 |   |   | 5 |   | 7 |   |   |,0.0570988,10,N/A,2,N/A,N/A,5,N/A,7,N/A,2 7,N/A,N/A,5 7
| 1 | 2 |   |   | 5 |   | 7 |   | 9 |,0.0617856,11.4167,N/A,2,1 2,N/A,5,1 5,7,1 7,9,1 9,2 9,1 2 9
|   | 2 |   |   | 5 |   |   | 8 | 9 |,0.0278921,15.9167,N/A,2,N/A,N/A,5,N/A,2 5,8,9,2 8,2 9,N/A
| 1 | 2 |   |   | 5 |   | 7 | 8 |   |,0.0765246,9.80556,N/A,2,1 2,N/A,5,1 5,7,8,2 7,2 8,1 2 8,5 7
|   | 2 |   |   | 5 |   | 7 |   | 9 |,0.0245199,17.1944,N/A,2,N/A,N/A,5,N/A,7,N/A,9,N/A,2 9,5 7
|   | 2 |   |   | 5 |   | 7 | 8 |   |,0.0381087,14.0833,N/A,2,N/A,N/A,5,N/A,7,8,2 7,2 8,N/A,5 7
| 1 | 2 |   |   | 5 |   | 7 | 8 | 9 |,0.0418679,15.4444,N/A,2,1 2,N/A,5,1 5,7,8,9,2 8,2 9,5 7
|   | 2 |   |   |   | 6 | 7 | 8 | 9 |,0.017766,21.1111,N/A,2,N/A,N/A,N/A,6,7,8,9,2 8,2 9,N/A
| 1 | 2 |   |   | 5 | 6 |   |   |   |,0.121378,5.63889,N/A,2,1 2,N/A,5,6,2 5,2 6,1 2 6,N/A,5 6,1 5 6
|   | 2 |   |   | 5 | 6 |   |   |   |,0.0828189,7.61111,N/A,2,N/A,N/A,5,6,2 5,2 6,N/A,N/A,5 6,N/A
| 1 | 2 |   |   | 5 | 6 |   |   | 9 |,0.0714782,10.3889,N/A,2,1 2,N/A,5,6,2 5,2 6,9,1 9,2 9,1 2 9
| 1 | 2 |   |   | 5 | 6 |   | 8 |   |,0.0853219,8.72222,N/A,2,1 2,N/A,5,6,2 5,8,1 8,2 8,5 6,1 5 6
|   | 2 |   |   | 5 | 6 |   |   | 9 |,0.0357796,13.6944,N/A,2,N/A,N/A,5,6,2 5,2 6,9,N/A,2 9,N/A
|   | 2 |   |   | 5 | 6 |   | 8 |   |,0.0454104,12.8056,N/A,2,N/A,N/A,5,6,2 5,8,N/A,2 8,5 6,N/A
| 1 | 2 |   |   | 5 | 6 |   | 8 | 9 |,0.046864,14.4722,N/A,2,1 2,N/A,5,6,2 5,8,9,2 8,2 9,1 5 6
|   | 2 |   |   | 5 |   | 7 | 8 | 9 |,0.0190424,20.1944,N/A,2,N/A,N/A,5,N/A,7,8,9,2 8,2 9,5 7
| 1 | 2 |   |   | 5 | 6 | 7 |   |   |,0.0947955,8.13889,N/A,2,1 2,N/A,5,6,7,2 6,2 7,1 2 7,5 6,5 7
|   | 2 |   |   | 5 | 6 | 7 |   |   |,0.0612569,10.9722,N/A,2,N/A,N/A,5,6,7,2 6,2 7,N/A,5 6,5 7
| 1 | 2 |   |   | 5 | 6 | 7 |   | 9 |,0.055955,13,N/A,2,1 2,N/A,5,6,7,2 6,9,1 9,2 9,5 7
|   | 2 |   |   | 5 | 6 |   | 8 | 9 |,0.0226941,17.9167,N/A,2,N/A,N/A,5,6,2 5,8,9,2 8,5 6,N/A
| 1 | 2 |   |   | 5 | 6 | 7 | 8 |   |,0.0659213,11.6667,N/A,2,1 2,N/A,5,6,7,8,1 8,2 8,5 6,5 7
|   | 2 |   |   | 5 | 6 | 7 |   | 9 |,0.0261869,17.6667,N/A,2,N/A,N/A,5,6,7,2 6,9,N/A,2 9,5 7
|   | 2 |   |   | 5 | 6 | 7 | 8 |   |,0.0372919,14.8611,N/A,2,N/A,N/A,5,6,7,8,2 7,2 8,5 6,5 7
| 1 | 2 |   |   | 5 | 6 | 7 | 8 | 9 |,0.0402929,16.8889,N/A,2,1 2,N/A,5,6,7,8,9,1 9,2 9,5 7
| 1 | 2 |   | 4 |   |   |   |   |   |,0.206019,3.47222,N/A,2,1 2,4,1 4,2 4,1 2 4,N/A,N/A,N/A,N/A,N/A
|   | 2 |   | 4 |   |   |   |   |   |,0.143519,4.66667,N/A,2,N/A,4,N/A,2 4,N/A,N/A,N/A,N/A,N/A,N/A
| 1 | 2 |   | 4 |   |   |   |   | 9 |,0.0904064,8.19444,N/A,2,1 2,4,1 4,2 4,1 2 4,N/A,9,1 9,2 9,1 2 9
| 1 | 2 |   | 4 |   |   |   | 8 |   |,0.125322,5.25,N/A,2,1 2,4,1 4,2 4,1 2 4,8,1 8,2 8,1 2 8,4 8
|   | 2 |   | 4 |   |   |   |   | 9 |,0.0416667,11.5278,N/A,2,N/A,4,N/A,2 4,N/A,N/A,9,N/A,2 9,N/A
|   | 2 |   | 4 |   |   |   | 8 |   |,0.0559414,9.5,N/A,2,N/A,4,N/A,2 4,N/A,8,N/A,2 8,N/A,4 8
| 1 | 2 |   | 4 |   |   |   | 8 | 9 |,0.0556091,11.4444,N/A,2,1 2,4,1 4,2 4,1 2 4,8,9,1 9,2 9,4 8
| 1 | 2 |   | 4 |   |   | 7 |   |   |,0.134002,4.30556,N/A,2,1 2,4,1 4,2 4,7,1 7,2 7,1 2 7,4 7,1 4 7
|   | 2 |   | 4 |   |   | 7 |   |   |,0.070216,7.88889,N/A,2,N/A,4,N/A,2 4,7,N/A,2 7,N/A,4 7,N/A
| 1 | 2 |   | 4 |   |   | 7 |   | 9 |,0.069816,9.66667,N/A,2,1 2,4,1 4,2 4,7,1 7,9,1 9,2 9,1 2 9
|   | 2 |   | 4 |   |   |   | 8 | 9 |,0.0258059,15.4444,N/A,2,N/A,4,N/A,2 4,N/A,8,9,2 8,2 9,4 8
| 1 | 2 |   | 4 |   |   | 7 | 8 |   |,0.0902349,7.91667,N/A,2,1 2,4,1 4,2 4,7,8,1 8,2 8,4 7,4 8
|   | 2 |   | 4 |   |   | 7 |   | 9 |,0.0279492,15.6111,N/A,2,N/A,4,N/A,2 4,7,N/A,9,N/A,2 9,N/A
|   | 2 |   | 4 |   |   | 7 | 8 |   |,0.0527263,11.1667,N/A,2,N/A,4,N/A,2 4,7,8,2 7,2 8,4 7,4 8
| 1 | 2 |   | 4 |   |   | 7 | 8 | 9 |,0.0489681,13.25,N/A,2,1 2,4,1 4,2 4,7,8,9,1 9,2 9,4 8
| 1 | 2 |   | 4 |   | 6 |   |   |   |,0.129565,3.61111,N/A,2,1 2,4,1 4,6,1 6,2 6,1 2 6,4 6,1 4 6,2 4 6
|   | 2 |   | 4 |   | 6 |   |   |   |,0.0767747,7.66667,N/A,2,N/A,4,N/A,6,N/A,2 6,N/A,4 6,N/A,2 4 6
| 1 | 2 |   | 4 |   | 6 |   |   | 9 |,0.0712449,8.97222,N/A,2,1 2,4,1 4,6,1 6,2 6,9,1 9,2 9,1 2 9
| 1 | 2 |   | 4 |   | 6 |   | 8 |   |,0.0920996,7.25,N/A,2,1 2,4,1 4,6,1 6,8,1 8,2 8,1 2 8,4 8
|   | 2 |   | 4 |   | 6 |   |   | 9 |,0.0358368,13.6111,N/A,2,N/A,4,N/A,6,N/A,2 6,9,4 6,2 9,2 4 6
|   | 2 |   | 4 |   | 6 |   | 8 |   |,0.0363083,14.3056,N/A,2,N/A,4,N/A,6,N/A,8,N/A,2 8,N/A,4 8
| 1 | 2 |   | 4 |   | 6 |   | 8 | 9 |,0.0508979,12.3056,N/A,2,1 2,4,1 4,6,1 6,8,9,2 8,2 9,4 8
|   | 2 |   | 4 |   |   | 7 | 8 | 9 |,0.0233149,17.9167,N/A,2,N/A,4,N/A,2 4,7,8,9,2 8,4 7,4 8
| 1 | 2 |   | 4 |   | 6 | 7 |   |   |,0.11667,5.86111,N/A,2,1 2,4,1 4,6,7,2 6,2 7,4 6,4 7,2 4 6
|   | 2 |   | 4 |   | 6 | 7 |   |   |,0.0770319,9.16667,N/A,2,N/A,4,N/A,6,7,2 6,2 7,4 6,4 7,2 4 6
| 1 | 2 |   | 4 |   | 6 | 7 |   | 9 |,0.0644792,10.5278,N/A,2,1 2,4,1 4,6,7,2 6,9,1 9,2 9,2 4 6
|   | 2 |   | 4 |   | 6 |   | 8 | 9 |,0.0214859,19.3889,N/A,2,N/A,4,N/A,6,N/A,8,9,4 6,2 9,4 8
| 1 | 2 |   | 4 |   | 6 | 7 | 8 |   |,0.0812083,8.83333,N/A,2,1 2,4,1 4,6,7,8,2 7,2 8,4 7,4 8
|   | 2 |   | 4 |   | 6 | 7 |   | 9 |,0.0313595,15.9722,N/A,2,N/A,4,N/A,6,7,2 6,9,4 6,2 9,2 4 6
|   | 2 |   | 4 |   | 6 | 7 | 8 |   |,0.042374,14.5,N/A,2,N/A,4,N/A,6,7,8,2 7,4 6,4 7,4 8
| 1 | 2 |   | 4 |   | 6 | 7 | 8 | 9 |,0.0479286,13.6667,N/A,2,1 2,4,1 4,6,7,8,9,2 8,2 9,4 8
|   | 2 |   |   | 5 | 6 | 7 | 8 | 9 |,0.0196847,20.75,N/A,2,N/A,N/A,5,6,7,8,9,2 8,5 6,5 7
| 1 | 2 |   | 4 | 5 |   |   |   |   |,0.149949,3,N/A,2,1 2,4,5,2 4,2 5,1 2 5,4 5,1 4 5,2 4 5,1 2 4 5
|   | 2 |   | 4 | 5 |   |   |   |   |,0.121914,5.55556,N/A,2,N/A,4,5,2 4,2 5,N/A,4 5,N/A,2 4 5,N/A
| 1 | 2 |   | 4 | 5 |   |   |   | 9 |,0.0753887,8.66667,N/A,2,1 2,4,5,2 4,2 5,1 2 5,9,1 9,2 9,1 2 9
| 1 | 2 |   | 4 | 5 |   |   | 8 |   |,0.105696,6.38889,N/A,2,1 2,4,5,2 4,2 5,8,1 8,2 8,2 4 5,4 8
|   | 2 |   | 4 | 5 |   |   |   | 9 |,0.0366941,13.0556,N/A,2,N/A,4,5,2 4,2 5,N/A,9,N/A,2 9,N/A
|   | 2 |   | 4 | 5 |   |   | 8 |   |,0.0762174,8.55556,N/A,2,N/A,4,5,2 4,2 5,8,4 5,2 8,2 4 5,4 8
| 1 | 2 |   | 4 | 5 |   |   | 8 | 9 |,0.0551182,11.75,N/A,2,1 2,4,5,2 4,2 5,8,9,1 9,2 9,4 8
| 1 | 2 |   | 4 | 5 |   | 7 |   |   |,0.128408,5.13889,N/A,2,1 2,4,5,2 4,7,1 7,2 7,1 2 7,4 7,5 7
|   | 2 |   | 4 | 5 |   | 7 |   |   |,0.0716307,10.0278,N/A,2,N/A,4,5,2 4,7,N/A,2 7,N/A,4 7,5 7
| 1 | 2 |   | 4 | 5 |   | 7 |   | 9 |,0.0677818,10.1667,N/A,2,1 2,4,5,2 4,7,1 7,9,1 9,2 9,5 7
|   | 2 |   | 4 | 5 |   |   | 8 | 9 |,0.0282541,15.2778,N/A,2,N/A,4,5,2 4,2 5,8,9,2 8,2 9,4 8
| 1 | 2 |   | 4 | 5 |   | 7 | 8 |   |,0.0904594,7.97222,N/A,2,1 2,4,5,1 5,7,8,4 5,2 8,4 7,5 7
|   | 2 |   | 4 | 5 |   | 7 |   | 9 |,0.0269109,17.4444,N/A,2,N/A,4,5,2 4,7,N/A,9,N/A,2 9,5 7
|   | 2 |   | 4 | 5 |   | 7 | 8 |   |,0.053305,11.9444,N/A,2,N/A,4,5,2 4,7,8,4 5,2 8,4 7,4 8
| 1 | 2 |   | 4 | 5 |   | 7 | 8 | 9 |,0.0518007,12.7778,N/A,2,1 2,4,5,2 4,7,8,9,1 9,2 9,4 8
|   | 2 |   | 4 |   | 6 | 7 | 8 | 9 |,0.022124,20.3333,N/A,2,N/A,4,N/A,6,7,8,9,4 6,2 9,4 8
| 1 | 2 |   | 4 | 5 | 6 |   |   |   |,0.142772,4.36111,N/A,2,1 2,4,5,6,2 5,2 6,4 5,4 6,5 6,2 4 6
|   | 2 |   | 4 | 5 | 6 |   |   |   |,0.111711,6.55556,N/A,2,N/A,4,5,6,2 5,2 6,4 5,4 6,5 6,2 4 6
| 1 | 2 |   | 4 | 5 | 6 |   |   | 9 |,0.0725638,9.55556,N/A,2,1 2,4,5,6,2 5,2 6,9,1 9,2 9,1 2 9
| 1 | 2 |   | 4 | 5 | 6 |   | 8 |   |,0.101511,6.80556,N/A,2,1 2,4,5,6,2 5,8,1 8,4 6,5 6,4 8
|   | 2 |   | 4 | 5 | 6 |   |   | 9 |,0.0405712,13.25,N/A,2,N/A,4,5,6,2 5,2 6,9,4 6,2 9,2 4 6
|   | 2 |   | 4 | 5 | 6 |   | 8 |   |,0.0577227,11.3056,N/A,2,N/A,4,5,6,2 5,8,4 5,4 6,5 6,4 8
| 1 | 2 |   | 4 | 5 | 6 |   | 8 | 9 |,0.0560558,11.8056,N/A,2,1 2,4,5,6,2 5,8,9,1 9,2 9,4 8
|   | 2 |   | 4 | 5 |   | 7 | 8 | 9 |,0.0239163,18.0278,N/A,2,N/A,4,5,2 4,7,8,9,2 8,2 9,5 7
| 1 | 2 |   | 4 | 5 | 6 | 7 |   |   |,0.116665,5.91667,N/A,2,1 2,4,5,6,7,2 6,2 7,4 6,5 6,5 7
|   | 2 |   | 4 | 5 | 6 | 7 |   |   |,0.0728381,9.69444,N/A,2,N/A,4,5,6,7,2 6,4 5,4 6,4 7,5 7
| 1 | 2 |   | 4 | 5 | 6 | 7 |   | 9 |,0.0670185,10.3611,N/A,2,1 2,4,5,6,7,2 6,9,1 9,2 9,5 7
|   | 2 |   | 4 | 5 | 6 |   | 8 | 9 |,0.0282573,16.8333,N/A,2,N/A,4,5,6,2 5,8,9,4 6,2 9,4 8
| 1 | 2 |   | 4 | 5 | 6 | 7 | 8 |   |,0.0860385,8.05556,N/A,2,1 2,4,5,6,7,8,1 8,2 8,5 6,4 8
|   | 2 |   | 4 | 5 | 6 | 7 |   | 9 |,0.0326493,15.9167,N/A,2,N/A,4,5,6,7,2 6,9,4 6,2 9,5 7
|   | 2 |   | 4 | 5 | 6 | 7 | 8 |   |,0.0483837,13,N/A,2,N/A,4,5,6,7,8,4 5,2 8,5 6,4 8
| 1 | 2 |   | 4 | 5 | 6 | 7 | 8 | 9 |,0.0543711,12.3611,N/A,2,1 2,4,5,6,7,8,9,1 9,2 9,4 8
|   |   | 3 | 4 | 5 | 6 | 7 | 8 | 9 |,0.0230239,18.8889,N/A,N/A,3,4,5,6,7,8,9,4 6,3 8,3 9
| 1 | 2 | 3 |   |   |   |   |   |   |,0.165638,3.77778,N/A,2,3,1 3,2 3,1 2 3,N/A,N/A,N/A,N/A,N/A,N/A
|   | 2 | 3 |   |   |   |   |   |   |,0.114198,4.13889,N/A,2,3,N/A,2 3,N/A,N/A,N/A,N/A,N/A,N/A,N/A
| 1 | 2 | 3 |   |   |   |   |   | 9 |,0.0706447,8.91667,N/A,2,3,1 3,2 3,1 2 3,N/A,N/A,9,1 9,2 9,3 9
| 1 | 2 | 3 |   |   |   |   | 8 |   |,0.0965364,6.19444,N/A,2,3,1 3,2 3,1 2 3,N/A,8,1 8,2 8,3 8,1 3 8
|   | 2 | 3 |   |   |   |   |   | 9 |,0.0334362,10.8056,N/A,2,3,N/A,2 3,N/A,N/A,N/A,9,N/A,2 9,3 9
|   | 2 | 3 |   |   |   |   | 8 |   |,0.0444959,8.91667,N/A,2,3,N/A,2 3,N/A,N/A,8,N/A,2 8,3 8,N/A
| 1 | 2 | 3 |   |   |   |   | 8 | 9 |,0.0460058,12.6667,N/A,2,3,1 3,2 3,1 2 3,N/A,8,9,1 9,2 9,3 9
| 1 | 2 | 3 |   |   |   | 7 |   |   |,0.127058,3.80556,N/A,2,3,1 3,2 3,1 2 3,7,1 7,2 7,3 7,1 3 7,2 3 7
|   | 2 | 3 |   |   |   | 7 |   |   |,0.0833333,7.05556,N/A,2,3,N/A,2 3,N/A,7,N/A,2 7,3 7,N/A,2 3 7
| 1 | 2 | 3 |   |   |   | 7 |   | 9 |,0.0674083,9.22222,N/A,2,3,1 3,2 3,1 2 3,7,1 7,9,1 9,2 9,3 9
|   | 2 | 3 |   |   |   |   | 8 | 9 |,0.025563,15.0556,N/A,2,3,N/A,2 3,N/A,N/A,8,9,2 8,2 9,3 9
| 1 | 2 | 3 |   |   |   | 7 | 8 |   |,0.0885488,7.77778,N/A,2,3,1 3,2 3,1 2 3,7,8,1 8,2 8,3 8,2 3 7
|   | 2 | 3 |   |   |   | 7 |   | 9 |,0.0359225,13.9444,N/A,2,3,N/A,2 3,N/A,7,N/A,9,3 7,2 9,3 9
|   | 2 | 3 |   |   |   | 7 | 8 |   |,0.0558985,11,N/A,2,3,N/A,2 3,N/A,7,8,2 7,2 8,3 8,2 3 7
| 1 | 2 | 3 |   |   |   | 7 | 8 | 9 |,0.0476323,13.3333,N/A,2,3,1 3,2 3,1 2 3,7,8,9,1 9,2 9,3 9
| 1 | 2 | 3 |   |   | 6 |   |   |   |,0.147205,3,N/A,2,3,1 3,2 3,6,1 6,2 6,3 6,1 3 6,2 3 6,1 2 3 6
|   | 2 | 3 |   |   | 6 |   |   |   |,0.109311,5.91667,N/A,2,3,N/A,2 3,6,N/A,2 6,3 6,N/A,2 3 6,N/A
| 1 | 2 | 3 |   |   | 6 |   |   | 9 |,0.0753625,8.13889,N/A,2,3,1 3,2 3,6,1 6,2 6,9,1 9,2 9,3 9
| 1 | 2 | 3 |   |   | 6 |   | 8 |   |,0.0994442,6.5,N/A,2,3,1 3,2 3,6,1 6,8,1 8,2 8,3 8,1 3 8
|   | 2 | 3 |   |   | 6 |   |   | 9 |,0.0403092,12.8611,N/A,2,3,N/A,2 3,6,N/A,2 6,9,N/A,2 9,3 9
|   | 2 | 3 |   |   | 6 |   | 8 |   |,0.0584562,10.8611,N/A,2,3,N/A,2 3,6,N/A,8,3 6,2 8,3 8,N/A
| 1 | 2 | 3 |   |   | 6 |   | 8 | 9 |,0.0538141,11.8889,N/A,2,3,1 3,2 3,6,1 6,8,9,1 9,2 9,3 9
|   | 2 | 3 |   |   |   | 7 | 8 | 9 |,0.0266108,17.7222,N/A,2,3,N/A,2 3,N/A,7,8,9,3 7,2 9,3 9
| 1 | 2 | 3 |   |   | 6 | 7 |   |   |,0.126198,5.30556,N/A,2,3,1 3,2 3,6,7,2 6,2 7,3 7,2 3 6,2 3 7
|   | 2 | 3 |   |   | 6 | 7 |   |   |,0.0948645,7.66667,N/A,2,3,N/A,2 3,6,7,2 6,2 7,3 7,2 3 6,2 3 7
| 1 | 2 | 3 |   |   | 6 | 7 |   | 9 |,0.0706077,9.94444,N/A,2,3,1 3,2 3,6,7,2 6,9,1 9,2 9,3 9
|   | 2 | 3 |   |   | 6 |   | 8 | 9 |,0.0250478,17.5556,N/A,2,3,N/A,2 3,6,N/A,8,9,2 8,2 9,3 9
| 1 | 2 | 3 |   |   | 6 | 7 | 8 |   |,0.0865435,8.52778,N/A,2,3,1 3,2 3,6,7,8,1 8,2 8,3 8,2 3 7
|   | 2 | 3 |   |   | 6 | 7 |   | 9 |,0.0410284,13.8611,N/A,2,3,N/A,2 3,6,7,2 6,9,3 7,2 9,3 9
|   | 2 | 3 |   |   | 6 | 7 | 8 |   |,0.0540433,12.1389,N/A,2,3,N/A,2 3,6,7,8,3 6,2 8,3 8,2 3 7
| 1 | 2 | 3 |   |   | 6 | 7 | 8 | 9 |,0.0512406,13.2778,N/A,2,3,1 3,2 3,6,7,8,9,1 9,2 9,3 9
| 1 | 2 | 3 |   | 5 |   |   |   |   |,0.160151,2.77778,N/A,2,3,1 3,5,1 5,2 5,3 5,1 3 5,2 3 5,1 2 3 5,N/A
|   | 2 | 3 |   | 5 |   |   |   |   |,0.122942,5.52778,N/A,2,3,N/A,5,N/A,2 5,3 5,N/A,2 3 5,N/A,N/A
| 1 | 2 | 3 |   | 5 |   |   |   | 9 |,0.0800659,7.47222,N/A,2,3,1 3,5,1 5,2 5,3 5,9,1 9,2 9,3 9
| 1 | 2 | 3 |   | 5 |   |   | 8 |   |,0.108802,5.83333,N/A,2,3,1 3,5,1 5,2 5,8,1 8,2 8,3 8,1 3 8
|   | 2 | 3 |   | 5 |   |   |   | 9 |,0.0590992,10.9167,N/A,2,3,N/A,5,N/A,2 5,3 5,9,2 3 5,2 9,3 9
|   | 2 | 3 |   | 5 |   |   | 8 |   |,0.060821,11.0833,N/A,2,3,N/A,5,N/A,2 5,8,N/A,2 8,3 8,N/A
| 1 | 2 | 3 |   | 5 |   |   | 8 | 9 |,0.0576282,11.0556,N/A,2,3,1 3,5,1 5,2 5,8,9,2 8,3 8,3 9
| 1 | 2 | 3 |   | 5 |   | 7 |   |   |,0.134219,4.69444,N/A,2,3,1 3,5,1 5,7,3 5,2 7,3 7,1 3 7,5 7
|   | 2 | 3 |   | 5 |   | 7 |   |   |,0.0860768,9.16667,N/A,2,3,N/A,5,N/A,7,3 5,2 7,3 7,N/A,5 7
| 1 | 2 | 3 |   | 5 |   | 7 |   | 9 |,0.0747783,9.38889,N/A,2,3,1 3,5,1 5,7,3 5,9,3 7,2 9,3 9
|   | 2 | 3 |   | 5 |   |   | 8 | 9 |,0.0321439,16.1111,N/A,2,3,N/A,5,N/A,2 5,8,9,2 8,3 8,3 9
| 1 | 2 | 3 |   | 5 |   | 7 | 8 |   |,0.0935097,7.52778,N/A,2,3,1 3,5,1 5,7,8,1 8,2 8,3 8,5 7
|   | 2 | 3 |   | 5 |   | 7 |   | 9 |,0.0402735,14.9167,N/A,2,3,N/A,5,N/A,7,3 5,9,3 7,2 9,3 9
|   | 2 | 3 |   | 5 |   | 7 | 8 |   |,0.0459581,13.9167,N/A,2,3,N/A,5,N/A,7,8,2 7,2 8,3 8,5 7
| 1 | 2 | 3 |   | 5 |   | 7 | 8 | 9 |,0.0552425,12.25,N/A,2,3,1 3,5,1 5,7,8,9,2 8,2 9,3 9
|   | 2 | 3 |   |   | 6 | 7 | 8 | 9 |,0.0268486,18.2222,N/A,2,3,N/A,2 3,6,7,8,9,3 7,2 9,3 9
| 1 | 2 | 3 |   | 5 | 6 |   |   |   |,0.153116,3.77778,N/A,2,3,1 3,5,6,2 5,2 6,3 6,2 3 5,5 6,1 5 6
|   | 2 | 3 |   | 5 | 6 |   |   |   |,0.115112,6.66667,N/A,2,3,N/A,5,6,2 5,2 6,3 6,2 3 5,5 6,N/A
| 1 | 2 | 3 |   | 5 | 6 |   |   | 9 |,0.0867255,7.94444,N/A,2,3,1 3,5,6,1 6,3 5,9,1 9,2 9,3 9
| 1 | 2 | 3 |   | 5 | 6 |   | 8 |   |,0.106422,6.36111,N/A,2,3,1 3,5,6,2 5,8,1 8,2 8,3 8,1 3 8
|   | 2 | 3 |   | 5 | 6 |   |   | 9 |,0.048219,12.25,N/A,2,3,N/A,5,6,2 5,3 5,9,2 3 5,2 9,3 9
|   | 2 | 3 |   | 5 | 6 |   | 8 |   |,0.0614097,11.3889,N/A,2,3,N/A,5,6,2 5,8,3 6,2 8,3 8,N/A
| 1 | 2 | 3 |   | 5 | 6 |   | 8 | 9 |,0.0613553,11.0278,N/A,2,3,1 3,5,6,2 5,8,9,1 9,3 8,3 9
|   | 2 | 3 |   | 5 |   | 7 | 8 | 9 |,0.0257104,19.75,N/A,2,3,N/A,5,N/A,7,8,9,2 8,2 9,3 9
| 1 | 2 | 3 |   | 5 | 6 | 7 |   |   |,0.125787,5,N/A,2,3,1 3,5,6,7,2 6,2 7,3 7,5 6,5 7
|   | 2 | 3 |   | 5 | 6 | 7 |   |   |,0.0809304,9.02778,N/A,2,3,N/A,5,6,7,3 5,2 7,3 7,5 6,5 7
| 1 | 2 | 3 |   | 5 | 6 | 7 |   | 9 |,0.0763596,9.33333,N/A,2,3,1 3,5,6,7,2 6,9,1 9,2 9,3 9
|   | 2 | 3 |   | 5 | 6 |   | 8 | 9 |,0.0306403,16.7778,N/A,2,3,N/A,5,6,2 5,8,9,2 8,3 8,3 9
| 1 | 2 | 3 |   | 5 | 6 | 7 | 8 |   |,0.0916229,7.80556,N/A,2,3,1 3,5,6,7,8,1 8,2 8,3 8,5 7
|   | 2 | 3 |   | 5 | 6 | 7 |   | 9 |,0.0416791,14.6111,N/A,2,3,N/A,5,6,7,3 5,9,3 7,2 9,3 9
|   | 2 | 3 |   | 5 | 6 | 7 | 8 |   |,0.0513165,13.2222,N/A,2,3,N/A,5,6,7,8,3 6,2 8,3 8,5 7
| 1 | 2 | 3 |   | 5 | 6 | 7 | 8 | 9 |,0.0590664,11.8056,N/A,2,3,1 3,5,6,7,8,9,2 8,2 9,3 9
|   | 2 |   | 4 | 5 | 6 | 7 | 8 | 9 |,0.0263202,18.5,N/A,2,N/A,4,5,6,7,8,9,4 6,2 9,4 8
| 1 | 2 | 3 | 4 |   |   |   |   |   |,0.172947,2.69444,N/A,2,3,4,2 3,2 4,3 4,1 3 4,2 3 4,1 2 3 4,N/A,N/A
|   | 2 | 3 | 4 |   |   |   |   |   |,0.155093,4.22222,N/A,2,3,4,2 3,2 4,3 4,N/A,2 3 4,N/A,N/A,N/A
| 1 | 2 | 3 | 4 |   |   |   |   | 9 |,0.0886036,7.16667,N/A,2,3,4,2 3,2 4,3 4,1 3 4,9,1 9,2 9,3 9
| 1 | 2 | 3 | 4 |   |   |   | 8 |   |,0.122816,5.16667,N/A,2,3,4,2 3,2 4,3 4,8,1 8,2 8,3 8,4 8
|   | 2 | 3 | 4 |   |   |   |   | 9 |,0.0552555,10.7222,N/A,2,3,4,2 3,2 4,3 4,N/A,9,N/A,2 9,3 9
|   | 2 | 3 | 4 |   |   |   | 8 |   |,0.102023,6.69444,N/A,2,3,4,2 3,2 4,3 4,8,2 3 4,2 8,3 8,4 8
| 1 | 2 | 3 | 4 |   |   |   | 8 | 9 |,0.0656493,10.5278,N/A,2,3,4,2 3,2 4,3 4,8,9,1 9,2 9,3 9
| 1 | 2 | 3 | 4 |   |   | 7 |   |   |,0.149227,4.13889,N/A,2,3,4,2 3,2 4,7,1 7,2 7,3 7,4 7,2 3 7
|   | 2 | 3 | 4 |   |   | 7 |   |   |,0.101723,7.19444,N/A,2,3,4,2 3,2 4,7,N/A,2 7,3 7,4 7,2 3 7
| 1 | 2 | 3 | 4 |   |   | 7 |   | 9 |,0.0797214,8.52778,N/A,2,3,4,2 3,2 4,7,1 7,9,1 9,2 9,3 9
|   | 2 | 3 | 4 |   |   |   | 8 | 9 |,0.043117,12.6944,N/A,2,3,4,2 3,2 4,3 4,8,9,2 8,2 9,3 9
| 1 | 2 | 3 | 4 |   |   | 7 | 8 |   |,0.104345,6.77778,N/A,2,3,4,1 4,2 4,7,8,1 8,3 7,3 8,4 8
|   | 2 | 3 | 4 |   |   | 7 |   | 9 |,0.0411618,13.5556,N/A,2,3,4,2 3,2 4,7,N/A,9,3 7,2 9,3 9
|   | 2 | 3 | 4 |   |   | 7 | 8 |   |,0.0684168,9.55556,N/A,2,3,4,2 3,2 4,7,8,2 7,3 7,3 8,4 8
| 1 | 2 | 3 | 4 |   |   | 7 | 8 | 9 |,0.0610272,11.3889,N/A,2,3,4,2 3,2 4,7,8,9,1 9,3 8,3 9
| 1 | 2 | 3 | 4 |   | 6 |   |   |   |,0.160861,3.47222,N/A,2,3,4,2 3,6,3 4,2 6,3 6,4 6,2 3 6,2 4 6
|   | 2 | 3 | 4 |   | 6 |   |   |   |,0.129415,4.86111,N/A,2,3,4,2 3,6,3 4,2 6,3 6,4 6,2 3 6,2 4 6
| 1 | 2 | 3 | 4 |   | 6 |   |   | 9 |,0.0939395,7.41667,N/A,2,3,4,2 3,6,3 4,2 6,9,1 9,2 9,3 9
| 1 | 2 | 3 | 4 |   | 6 |   | 8 |   |,0.118372,5.11111,N/A,2,3,4,2 3,6,1 6,8,1 8,2 8,3 8,4 8
|   | 2 | 3 | 4 |   | 6 |   |   | 9 |,0.0547578,10.6944,N/A,2,3,4,2 3,6,3 4,2 6,9,4 6,2 9,3 9
|   | 2 | 3 | 4 |   | 6 |   | 8 |   |,0.0726428,8.86111,N/A,2,3,4,2 3,6,3 4,8,3 6,2 8,3 8,4 8
| 1 | 2 | 3 | 4 |   | 6 |   | 8 | 9 |,0.0688699,10.1111,N/A,2,3,4,2 3,6,3 4,8,9,1 9,2 9,3 9
|   | 2 | 3 | 4 |   |   | 7 | 8 | 9 |,0.0345124,14.7778,N/A,2,3,4,2 3,2 4,7,8,9,3 7,2 9,3 9
| 1 | 2 | 3 | 4 |   | 6 | 7 |   |   |,0.133567,4.25,N/A,2,3,4,1 4,6,7,1 7,2 7,3 7,4 7,2 3 7
|   | 2 | 3 | 4 |   | 6 | 7 |   |   |,0.087395,7.47222,N/A,2,3,4,2 3,6,7,2 6,2 7,4 6,4 7,2 3 7
| 1 | 2 | 3 | 4 |   | 6 | 7 |   | 9 |,0.0810305,8.25,N/A,2,3,4,2 3,6,7,1 7,9,1 9,2 9,3 9
|   | 2 | 3 | 4 |   | 6 |   | 8 | 9 |,0.0374412,14.2222,N/A,2,3,4,2 3,6,3 4,8,9,2 8,2 9,4 8
| 1 | 2 | 3 | 4 |   | 6 | 7 | 8 |   |,0.101445,6.63889,N/A,2,3,4,2 3,6,7,8,3 6,2 8,3 8,4 8
|   | 2 | 3 | 4 |   | 6 | 7 |   | 9 |,0.0439135,12.8333,N/A,2,3,4,2 3,6,7,2 6,9,4 6,2 9,3 9
|   | 2 | 3 | 4 |   | 6 | 7 | 8 |   |,0.0623623,10.3333,N/A,2,3,4,2 3,6,7,8,2 7,4 6,3 8,4 8
| 1 | 2 | 3 | 4 |   | 6 | 7 | 8 | 9 |,0.0652688,10.6944,N/A,2,3,4,2 3,6,7,8,9,1 9,2 9,3 9
|   | 2 | 3 |   | 5 | 6 | 7 | 8 | 9 |,0.0296973,18.3611,N/A,2,3,N/A,5,6,7,8,9,2 8,2 9,3 9
| 1 | 2 | 3 | 4 | 5 |   |   |   |   |,0.163706,3.02778,N/A,2,3,4,5,2 4,3 4,3 5,4 5,2 3 5,2 4 5,3 4 5
|   | 2 | 3 | 4 | 5 |   |   |   |   |,0.130873,4.36111,N/A,2,3,4,5,2 4,2 5,3 5,4 5,2 3 5,2 4 5,3 4 5
| 1 | 2 | 3 | 4 | 5 |   |   |   | 9 |,0.100686,6.88889,N/A,2,3,4,5,2 4,3 4,3 5,9,1 9,2 9,3 9
| 1 | 2 | 3 | 4 | 5 |   |   | 8 |   |,0.125061,4.75,N/A,2,3,4,5,1 5,3 4,8,1 8,2 8,3 8,4 8
|   | 2 | 3 | 4 | 5 |   |   |   | 9 |,0.0592612,10.0556,N/A,2,3,4,5,2 4,3 4,3 5,9,2 3 5,2 9,3 9
|   | 2 | 3 | 4 | 5 |   |   | 8 |   |,0.0803279,8.02778,N/A,2,3,4,5,2 4,3 4,8,4 5,2 8,3 8,4 8
| 1 | 2 | 3 | 4 | 5 |   |   | 8 | 9 |,0.0738265,9.16667,N/A,2,3,4,5,1 5,3 4,8,9,1 9,2 9,3 9
| 1 | 2 | 3 | 4 | 5 |   | 7 |   |   |,0.142506,3.83333,N/A,2,3,4,5,2 4,7,3 5,2 7,3 7,4 7,5 7
|   | 2 | 3 | 4 | 5 |   | 7 |   |   |,0.0993084,6.69444,N/A,2,3,4,5,2 4,7,3 5,2 7,3 7,4 7,5 7
| 1 | 2 | 3 | 4 | 5 |   | 7 |   | 9 |,0.0889047,7.58333,N/A,2,3,4,5,2 4,7,3 5,9,1 9,2 9,3 9
|   | 2 | 3 | 4 | 5 |   |   | 8 | 9 |,0.0410648,13.4444,N/A,2,3,4,5,2 4,3 4,8,9,2 8,2 9,3 9
| 1 | 2 | 3 | 4 | 5 |   | 7 | 8 |   |,0.108186,5.77778,N/A,2,3,4,5,2 4,7,8,1 8,2 8,3 8,4 8
|   | 2 | 3 | 4 | 5 |   | 7 |   | 9 |,0.0485005,12.5,N/A,2,3,4,5,2 4,7,3 5,9,3 7,2 9,3 9
|   | 2 | 3 | 4 | 5 |   | 7 | 8 |   |,0.0667806,10.0278,N/A,2,3,4,5,2 4,7,8,4 5,2 8,3 8,5 7
| 1 | 2 | 3 | 4 | 5 |   | 7 | 8 | 9 |,0.0695489,9.91667,N/A,2,3,4,5,2 4,7,8,9,1 9,2 9,3 9
|   | 2 | 3 | 4 |   | 6 | 7 | 8 | 9 |,0.0351096,15.1389,N/A,2,3,4,2 3,6,7,8,9,4 6,2 9,3 9
| 1 | 2 | 3 | 4 | 5 | 6 |   |   |   |,0.149968,3.30556,N/A,2,3,4,5,6,2 5,2 6,3 6,4 6,5 6,2 4 6
|   | 2 | 3 | 4 | 5 | 6 |   |   |   |,0.115981,5.38889,N/A,2,3,4,5,6,3 4,2 6,3 6,4 6,5 6,2 4 6
| 1 | 2 | 3 | 4 | 5 | 6 |   |   | 9 |,0.0970214,6.88889,N/A,2,3,4,5,6,3 4,3 5,9,1 9,2 9,3 9
| 1 | 2 | 3 | 4 | 5 | 6 |   | 8 |   |,0.119423,5.02778,N/A,2,3,4,5,6,2 5,8,1 8,2 8,3 8,4 8
|   | 2 | 3 | 4 | 5 | 6 |   |   | 9 |,0.0591922,10.5,N/A,2,3,4,5,6,3 4,3 5,9,4 6,2 9,3 9
|   | 2 | 3 | 4 | 5 | 6 |   | 8 |   |,0.0804501,8.33333,N/A,2,3,4,5,6,2 5,8,3 6,2 8,3 8,4 8
| 1 | 2 | 3 | 4 | 5 | 6 |   | 8 | 9 |,0.0764295,9.25,N/A,2,3,4,5,6,3 4,8,9,1 9,2 9,3 9
|   | 2 | 3 | 4 | 5 |   | 7 | 8 | 9 |,0.0371995,15,N/A,2,3,4,5,2 4,7,8,9,2 8,2 9,3 9
| 1 | 2 | 3 | 4 | 5 | 6 | 7 |   |   |,0.135446,4.05556,N/A,2,3,4,5,6,7,3 5,2 7,3 7,4 7,5 7
|   | 2 | 3 | 4 | 5 | 6 | 7 |   |   |,0.097351,6.91667,N/A,2,3,4,5,6,7,2 6,2 7,3 7,4 7,5 7
| 1 | 2 | 3 | 4 | 5 | 6 | 7 |   | 9 |,0.0908472,7.27778,N/A,2,3,4,5,6,7,3 5,9,1 9,2 9,3 9
|   | 2 | 3 | 4 | 5 | 6 |   | 8 | 9 |,0.0431474,13.1667,N/A,2,3,4,5,6,3 4,8,9,2 8,2 9,3 9
| 1 | 2 | 3 | 4 | 5 | 6 | 7 | 8 |   |,0.109647,5.61111,N/A,2,3,4,5,6,7,8,1 8,2 8,3 8,4 8
|   | 2 | 3 | 4 | 5 | 6 | 7 |   | 9 |,0.0520942,11.6667,N/A,2,3,4,5,6,7,3 5,9,3 7,2 9,3 9
|   | 2 | 3 | 4 | 5 | 6 | 7 | 8 |   |,0.0694342,9.66667,N/A,2,3,4,5,6,7,8,4 5,2 8,3 8,4 8
| 1 | 2 | 3 | 4 | 5 | 6 | 7 | 8 | 9 |,0.0762461,8.80556,N/A,2,3,4,5,6,7,8,9,1 9,2 9,3 9
|   | 2 | 3 | 4 | 5 | 6 | 7 | 8 | 9 |,N/A,N/A,N/A,N/A,N/A,N/A,N/A,N/A,N/A,N/A,N/A,N/A,N/A,N/A
